sip_user_agent,count
123,40
23ddwa,15
3CX Phone System,5
3CXPhone,2
3CXPhoneSystem,4
3CXPhoneSystem 11.0.28976.849 (28862),3
3CXPhoneSystem 15.5.15502.6 (15502),367
3CXPhoneSystem/15.5.0.20,142
40373783310,28
8001,21
801,1139
ADTRAN_Total_Access_908_2nd_Gen/R10.9.6.E,39
AGFEO SIP V3.00.15 b,3
AIYNtBLA,1
AIofYESD,1
AKgiXXsk,1
ALrrXnwH,1
ANORcjgu,1
AVHaZrME,1
AYZbxycO,1
AZUlpGcj,1
AZkfBqtc,1
AaGIvTiq,1
Aastra,3
AeifCruE,1
AffDtxKm,1
AiBicUVH,1
AiYNyjIB,1
Alcatel 3008,1
Alcatel-Lucent 9012,1
Alcatel-Lucent 9020,1
Alcatel-Lucent 9030,2
Alcatel-Lucent 9050,3
Alcatel-Lucent 9070,2
Asterisk PBX,10412
Asterisk PBX 1.6.5,7
Asterisk PBX 11.25.3,2
Asterisk PBX 13.6.0,6
Asterisk PBX 14.1.0,3
Asterisk PBX 20.2.1,6
Asterisk PBX/16.2.1,2
Asterisk PBX/16.2.1 (Ubuntu 20.04),1
Asterisk PBX/16.2.1 Ubuntu/20.04,2
Asterisk PBX/16.5.0,1
Asterisk PBX/16.6.0,1
Asterisk PBX/16.7.0,2
Asterisk PBX/16.8.0,3
Asterisk PBX/16.9.0,1
Asterisk PBX/17.0.0,2
Asterisk PBX/8.4.2,1
AsteriskNow,3216
Auerswald COMpact 5000R sofia-sip/1.12.11,1
Avaya 9600,1
Avaya 9608,1
Avaya 9611,2
Avaya 9616,3
Avaya 9621,2
Avaya 9626,1
Avaya Communicator for iPad,10
Avaya Communicator for iPhone,322
Avaya Flare Engine,4
Avaya IP Phone 1120E,70
Avaya IP Phone 9600,116
Avaya IP iPhone 1120E,1
Avaya J179,1
Avaya J179 IP Phone,4
Avaya one-X Deskphone,2
BAVLAWwI,1
BBIEInEy,1
BEcYjSIi,1
BFJqZPTY,1
BFZsfvUG,1
BISQSReQ,1
BKoVptqc,1
BRZsYWOm,1
BSyKaItR,1
BTJoFqSM,1
BTYtjVIk,1
BUvJcyOO,1
BVxKQreQ,1
BWkGTWPd,1
BYbuIIFQ,1
BhRpBWMr,1
BizCloudEnterprise EasyVideo Win/1.6.3.10,1
BljqkQDC,1
Bria Softphone,1
Bria/1.0.0,2
Bria/2.3.5,85
Bria/2.3.5 Linux/5.4,1
Bria/3.0.0,1
Bria/4.0.0,1
Bria/5.0.0,1
Bria/5.1.0,1
Bria/5.2.0,4
Bria/5.3.0,1
BsGKZcjR,1
BvOJygBk,1
BxkUTmFr,1
CFMQemCF,1
CFcnudcW,1
CLsPkdDK,1
CNCkDXBf,1
COvYMUFW,1
CSkQnqYO,1
CZMdbgvp,1
CaojJGyl,1
Cisco,29776
Cisco SPA,9
Cisco UCM 12.0.1,152
Cisco-ATA192-MPP,3
Cisco-CP7940G/8.0,1601
Cisco-CX1000,3
Cisco-CX300,3
Cisco-CX400,1
Cisco-CX500,3
Cisco-CX900,2
Cisco-IPPhone/7965,2470
Cisco-IPPhone/7965 (Firmware 2.0),1
Cisco-SIPGateway,34393
Cisco-SIPGateway/IOS-12.x,4389
Cisco-SIPGateway/IOS-15.2.4.M5,1
Cisco-SIPGateway/IOS-16.12.4,4529
Cisco/SPA112-1.4.1(SR5),2494
CiscoIosX12.3,12
Cisco[space]SPA,1
CkAcDYOs,1
CnOyVMro,1
CoApGdeE,1
CommuniGatePro/6.0.10,2
CotFhMWZ,1
CrxPIbuv,1
CtuSHKOf,1
CtxoffRG,1
CustomSIPChecker,2
CwEqluBT,1
CzOCoWbd,1
CzOPfFvN,1
DDUFoNdH,1
DHtfOCLf,1
DIZzJgBa,1
DMcmbJpC,1
DNWAqhOW,1
DQjQcbsf,1
DTtiVPMk,1
DVTJTycB,1
DVgYAxpj,1
DVqlDtBQ,1
DWaGDJvl,1
DWyIegzM,1
DXukzXqV,1
Dachgeschoss,1
DcsicUKK,1
DdcJcifn,1
DdxmDTqF,1
DeNOsBAt,1
DentalKeramik,1
DgOaHeCY,1
DhyLtLtP,1
Digium SIP Phone 1.0,1
Digium SIP Phone 2.0,2
Digium SIP Phone 4.0,1
Digium SIP Phone 5.0,1
Digium SIP Phone 6.0,1
Digium SIP Phone 7.0,1
Digium SIP Phone 8.0,2
DjhYRIqF,1
DnqjpeFg,1
DrdQKqcF,1
DsRMZLaV,1
DsXwCEwK,1
DxeYXtvU,1
DxfzxKqd,1
DztyqNKr,1
EFWlAbNi,1
EJvYprhh,1
ELNQDvxx,1
EOwmhlYu,1
EPCwRPGu,1
EPNJilUu,1
EUTHatEZ,1
EYijsbOo,1
EZMFpLhh,1
EaMMfmZc,1
EaUWVlxk,1
EcqEGtkl,1
EcrcvSHC,1
EhGMlKKW,1
EjnArjTs,1
EmVIEOCy,1
EmXXWVns,1
EqNyKlnH,1
EqrJpgpM,1
Ericsson-LG,475
EtORMUKa,1
EuEZfODE,1
ExysBUwE,1
Eyebeam,25733
EzqJmYdo,1
FBtPtlVv,1
FLtUABzW,1
FPBX,12
FPBX-14.0.13.28(13.17.0),1
FPBX-16.0.40.11(16.30.0),3
FPBX-17.0.19.23(21.6.0),1
FPBXFPBX2022-scanner,2
FRITZ!OS,3
FTQtUGWZ,1
FWRbCUUS,1
FYRMyeIS,1
FYVHPgMO,1
FZkwpSsN,1
Fanvil X10,2
Fanvil X12,2
Fanvil X20,1
Fanvil X30,3
Fanvil X40,3
Fanvil X6S,1
Fanvil X7,3
Fanvil i900,2
FcpccIJo,1
FdbpfSIO,1
FdjuKjYM,1
FgHyooUx,1
FgseoCLZ,1
FiNkejjl,1
FkBRTYYI,1
FmWGmilQ,1
FpoTrraf,1
FqGVwKOA,1
FqRPgJvg,1
FqhNuBhs,1
FreePBX 1.8,1204
FreeSWITCH,2
FyWYKicl,1
FyzlrhkC,1
GB28181X/Kedacom3.0,1548
GEUBLFyn,1
GMgYqgeE,1
GNaAoLEO,1
GOTIQFif,1
GPRczrJK,1
GQTfYOiN,1
GTKjKoKV,1
GWCEhQee,1
GXPcXrTX,1
GbANANQH,1
GgFRxfRT,1
GgIzmXPS,1
GlnflzkT,1
GomPZZzU,1
GrandStream,73
Grandstream,3798
Grandstream GXP2135,4
Grandstream GXP2140,4
Grandstream GXP2170,115
Grandstream GXP2170 SIP/2.0,2
Grandstream GXP2175,3
Grandstream GXP2200,2
Grandstream GXP2300,2
Grandstream GXP2400,2
Grandstream GXP2500,2
Grandstream HT801,2
Grandstream UCM6308AV1.2A 1.0.21.9,3
GtZajXnK,1
GuuCVHQS,1
GwonyRUu,1
GzMbmDny,1
HBeGAgpc,1
HGaKiUDX,1
HHQkyrjD,1
HMbexFOT,1
HMkUHuPb,1
HNULihyn,1
HQhsDYfy,1
HTNwoxtD,1
HUAWEI TEx0,6
HVGAwwap,1
HXZGUnmi,1
HZWnJhum,1
HcpsxXGb,1
HdYMxvJl,1
HdfoUUIa,1
HhXKSvYF,1
HoeoUrKk,1
HpuFLyeW,1
HsWwSHVL,1
Huawei SIP-T19,1
Huawei SIP-T28G,5
Huawei SIP-T38G,2
Huawei SIP-T58G,2
Huawei SIP-T68G,2
Huawei SIP-T78G,1
Huawei SIP-T88G,1
HwMjsrPo,1
HxUQKImz,1
ICqGgHCG,1
IDlqLAne,1
IFgpzXZT,1
IHfVhoLc,1
ILEzrKIL,1
IMJDcwmN,1
IMWFlHsI,1
IP Office 11.1.3.0.0 build 23,3
IP PBX,1
IPBX,10
IPPhone SP-R50 50.164.5.168 0C11050908A8,3
IQKPlcko,1
ITel-Switch,1
IVKpxDro,1
IXToATIn,1
IdMjTlup,1
IiOSgHpJ,1
InxphMmj,1
IoBGYNev,1
IryHAhUa,1
ItOUhJKW,1
IvTgZhaT,1
JCXAlgfe,1
JHNMxtVy,2
JIVrsTOL,1
JKPoSRdv,1
JLiyFnrZ,1
JLyuknDb,1
JQrzHeNx,1
JYJIFzmi,1
JZiDVWRX,1
JZlMteZd,1
JaUSfzeh,1
JcSMjDHo,1
JcYslMrp,1
JfHIJsVA,1
JflOonpE,1
JkUTXRNS,1
JmePzWiD,1
JoEGYtWk,1
JouSkpBY,1
JqKTzqgk,1
JqwGlyLU,1
JxQmvOBI,1
JxtOzvxV,1
JycGgaZI,1
JzTWYRvs,1
JzrALyOZ,1
KBYXCEWz,1
KEALYROv,1
KFmuQSbw,1
KIhoAjyV,1
KInlziJY,1
KIvpOMAX,1
KNCytXja,1
KOQJTVEs,1
KRqAPbsn,1
KWRIipsw,1
KZoOUVsz,1
KZodCgBT,1
Kamailio SIP Server,1
KdAEfIeo,1
KeBHKoBe,1
KflvxeVM,1
KjCXFYdA,1
KkJSNuAv,1
KlxkjNkR,1
KmSFLPCW,1
KooJBwKr,1
KqySNPpw,1
KroBNsKg,1
KsEVsWsR,1
KvTizplA,1
KxbwOMDP,1
KzEKPHnv,1
LFdCKSTR,1
LLzhArXU,1
LMkFLLLD,1
LRUkOzIv,1
LUDhOEBl,1
LUWwuSPB,1
LVpJQJfA,1
LYTzOfMH,1
LbtyLEyQ,1
LgeElYEW,1
LhZEqdNv,1
Linksys,3
Linksys SPA303G2,3
Linksys SPA505D,1
Linksys SPA505G2,2
Linksys SPA514G2,2
Linksys SPA524G2,1
Linksys-SPA942,90647
Linksys/SPA2102-3.2.8(d),2
Linksys/SPA942,5933
Linphone-Desktop/5.2.6 (AAA) osx/15.0 Qt/5.15.2 LinphoneSDK/5.3.72,10
LmapsCkg,1
LnRVnmaP,1
LpvXnVNy,1
LtAvnEoO,1
MAeQSpGY,1
MAohAzIQ,1
MDCwIbgb,2
MDtHLapY,1
MERA MVTS3G v.4.3.0-40,1
MGKsip release 1110,1184
MKaXDRCT,1
MLcDOkSr,1
MMeAKDSt,1
MMnaNkBC,1
MOjLNdkv,1
MPUrdtoW,1
MXoBgYho,1
MZMllDCF,1
MZtILCOU,2
Matrix,4
MbRwMPNF,1
McGLAXHO,1
MicrosoftTeams/1.4.00.2873,33
Mitel 5320,3
Mitel 6861,2
Mitel 7960,2
Mitel 7961,1
Mitel Border GW(MBG/11.6.0.128 TUG/4.18.0.76-01),1
MizuPhone,139
MjSlIZlJ,1
MkODaVzu,1
MncCsNrz,1
MseWbSEn,1
MuBDqrIb,1
MziuhrTn,1
NAyfzssK,1
NCvWFWsw,1
NDgAhyzX,1
NJDuIfZW,1
NKkkJCzR,1
NOT_FOUND,370020
NPKqIDjf,1
NWS_SIP_v1.00,104
NWZWTaiI,1
NWzwSCLN,1
NXEUPFAN,1
NYqUchqm,1
NZRoEUSl,1
NcRdcVMH,1
NeuqpJhe,1
Nmap NSE,28
NnUhjCMN,1
NqorjxKX,1
NrKqofuD,1
NuimSuHV,1
NyEabJNp,1
NyuvzxxX,1
NzkoQjjr,1
OCdwLpfk,1
OJRXaoIX,1
OKqXNMph,1
OLpNgUxy,1
OOFSSqIl,1
OSNGHiUL,1
OSODwJEm,11
OVH Carrier SIP,2
OVsnQVqd,1
OWXaJqIi,1
OZHwetVz,1
OauilLxL,1
Obihai OBi210,2
Obihai OBi212,5
Obihai OBi220,1
Obihai OBi300,2
Obihai OBi310,1
Obihai OBi350,4
Obihai OBi410,1
Obihai OBi450,1
Obihai OBi500,2
Obihai OBi550,1
Obihai OBi600,3
Obihai OBi650,2
OcVQzdCF,1
OgchvWxA,1
OhJhgjoh,1
OjFxucdi,1
OkATQnWE,1
OkDzeTNc,1
OqOdHECq,2
OscIayar,1
OvadbSeR,1
OwkWOUbd,1
OxvOaHRj,1
OyKeKyqc,1
OzWvAkjE,1
Ozeki VoIP SIP SDK v1.3.6,1385
Ozeki VoIP SIP SDK v1.6.2,12
Ozeki VoIP SIP SDK v11.1.2,285
PBX,2222052
PDbCXqNo,1
PDpHQEya,1
PIDghGmK,1
PKfqPBQQ,1
PLCWaJkd,1
PLWkwCBM,1
POmufqLQ,1
PQBuNvJp,12
PQdHCRJo,1
PRcqdXkx,1
PZFbqWQu,1
PZWCGWqX,1
PZcraVOS,1
Panasonic KX-NS300,3
Panasonic KX-NS500,1
Panasonic KX-NS700,1
Panasonic KX-NS700V,1
Panasonic KX-NT300,3
Panasonic KX-NT560,1
Panasonic KX-UTG300,5
PbYWexnt,2
PcJqEznW,1
PfLhntfO,1
PgNAYELJ,1
PgVVbBGz,2
PkDboohh,1
PlvcRIHD,1
PoPkOljB,1
PohXCxQJ,1
Polycom,26
Polycom SoundStation IP 700,1
Polycom Trio 8300,1
Polycom Trio 8800,1
Polycom Trio 8800i,2
Polycom Trio 8900,1
Polycom Trio 9000,1
Polycom VVX 410,2
Polycom VVX 450,4
Polycom450,6
PolycomSoundPointIP SPIP_202 UA 9.0.1.1542,1
PolycomSoundPointIP SPIP_300 UA 1.0.2.0413,3
PolycomSoundPointIP SPIP_550 UA 3.3.2.0413,12
PolycomSoundPointIP-SPIP_450-UA/3.3.4.0085,130
PolycomSoundPointIP/SoundPointIP-500,114
PolycomSoundPointIP/SoundPointIP-500 (OS: Linux),1
PolycomSoundPointIP/SoundPointIP-500; Firmware 6.0,3
PolycomSoundPointIP[space]SPIP_550[space]UA[space]3.3.2.0413,2
PolycomVVX-VVX_300-UA/4.1.6.4835,12
PolycomVVX-VVX_450-UA/6.4.3.5059,54
PolycomVVX[space]VVX_410[space]UA[space]4.1.6.4835,1
PortSIP VoIP SDK 11.2,1951
PpRIEFLo,1
Privat,1
PyaVLBga,1
PzrpmQQZ,1
QBBBauAO,1
QCmybvNY,1
QCsSutWX,1
QCvwBvvZ,1
QGcnaTIf,1
QGeGLdnZ,1
QHdxFSiW,1
QKLHVTRw,1
QMNNSVay,1
QNEqUyhs,1
QNXvfLQf,1
QQxKQDXA,1
QVELqtmx,1
QYYVJUGj,1
QcHATNcS,1
QcepLOAi,1
QdTSobsw,1
QeNadHIX,1
QgtYGmQD,1
QhMIrJHp,1
QlUrgDFs,1
QnOnFvNy,1
QnulWRqW,1
QrYriAIb,1
QrrEbqTp,1
QswTCfcm,1
QtmxduRb,1
QvpufAxP,1
QywCWoYI,1
R2M5PBX,1
RDTzXdjq,1
RDWvNYwl,1
RRiWFkhM,1
RVuZbTya,1
RYzfBeYW,1
RovDqcup,1
RoxthJba,1
RsJFJQeo,1
RvkpXCWg,1
RzDCsHqp,1
SAMSUNG OfficeServ7030,3
SCHMID11,1
SGkCsdFj,1
SIP Media c1,1
SIP Proxy Server,1
SIP Scanner,128
SIP Server/6.2.7,7253
SIPClient/1.0,141512
SIPVOIP,5
SIParator/6.2.2,1
SIdrSabd,1
SKUBabnX,1
SLUibAvx,1
SMpGAmRA,2
SOmGGJEN,1
SOwNZNou,1
SPA112,3
SPGerlpz,1
SPcScEYL,1
SSOxspIP,1
SSixJNPd,1
STARFACE PBX,14
STkILKeX,1
SUIYFEnh,1
SXueGCVV,1
SYHaVoqK,2
SZLUnBST,1
Samsung OfficeServ,2
Samsung[space]OfficeServ,2
SayJtzSy,1
Sharbka SIP Gateway v0.1,22
SlrxkfsQ,1
SmDrCUhZ,1
Snom 320,2
Snom D715,1
Snom D735,1
Snom D745,5
Snom D755,1
Snom D765,3
Snom D785,6
Snom D785G,1
Snom D815,1
Snom D835,3
Snom D840,2
Snom D845,1
Snom D855,2
Snom D860,3
Snom SIP Client,1
Softswitch,50637
SppgspsN,1
SrVbhzTY,1
SsNrJVEa,1
StirJlpA,1
SuVHhBjh,1
SvbJXqpp,1
TANDBERG,6
TBUGyRSX,1
TCrUCTuy,1
TEnkFLjm,1
TFoBqApL,1
TIoikRFp,1
TKjxnwrs,1
TKlxoNVk,1
TP-Link T23P,2
TP-Link T42P,1
TP-Link T55P,3
TP-Link T66P,3
TP-Link T76P,5
TP-Link T86P,1
TP-Link T96P,1
TPXxMAld,1
TZKAHeTH,1
TbnjecnN,1
TelMex_colombia,10
TgPJBWLH,1
ThGHsKMq,1
TjixTrao,1
TlFLenVF,1
ToKdGdiS,1
TreLogicPBX,2
Trixbox,21
TrustedClient/1.0,12
TsrNELZs,1
TyzhssHT,1
UAwsgemF,1
UCYIqStF,1
UEpdguaB,1
UGKoKPVL,1
UJenfXke,1
UKYFbIuZ,1
UMvFtTvx,1
UOxSIqYV,1
URJMslKS,1
URyMBhKq,1
UUbntXUI,1
UZMSFosJ,1
UdUPyzQc,1
UfpdpLek,1
UixkzQKl,1
UjanAHFK,1
UjeviSyF,1
UmZMapyd,1
Unknown,1
UoXoUjPX,1
UqWOmaDM,1
UqePOPUZ,1
UtHKXmlW,1
UxPvbBSU,1
V360AJR7,2
VAHPPhfp,1
VDyEmIEG,2
VEStVCit,1
VFPXqzGP,1
VMLXxZlB,1
VNpnWdiP,1
VOIP,67
VOS2009 V2.1.1.5,34
VOXGRID SBC,1
VSAWUYsA,1
VSVdmzDV,1
VTech VN8144,1
VTech VN8448,2
VTech VN8488,1
VTech VN8508,2
VTech VN8528,1
VaNDpFNj,1
VaxSIPUserAgent/3.5,51
VdyMmNKJ,1
VeshqfgY,1
VgcdppSh,1
VkNHoESC,1
VkVPuYsO,1
VlmHJMYP,1
VoQYxnZK,1
VoiceGo,1
Voip,4
Voip0,1
VoipSwitch,2
VrRIxqDM,1
VscmQBtM,1
VuSFkSxX,1
VvTtDycc,1
VvpzrmfN,1
WAxdBQjk,1
WCMxmpHl,1
WGGNMCkR,1
WGeDOypF,1
WGumTttr,1
WHKZFDMK,1
WIJLgRRz,1
WQJdBpKL,1
WQeFvHGo,1
WRsNSHLw,1
WRxdvzdF,1
WYTXXjdl,1
WbYsCGpM,1
WcWaEwbF,1
WcdHQfHe,1
Webitel,1
WgdUBoKp,1
WlNDMZOR,1
WmKDuUGt,1
WmsgwjCN,4
WnKoRqAu,1
WnSjyjhb,1
WqUryGKm,1
WrVwaRAA,1
WwUBucuZ,1
X-Lite/4.0.1,29
X-Lite/4.0.1 Windows/10,4
X-Lite/4.2.0,2
X-Lite/4.3.0,1
X-Lite/5.0.0,1
X-Lite/5.2.0,3
X-Lite/5.3.0,2
X-Lite/7.0.0,1
XAzodjvM,1
XGHlDJSy,1
XICMNlOO,1
XOKxRdwR,1
XQdtZKAN,1
XTztaIjp,1
XUdXugLM,1
XVDkALvB,1
XVVtSesU,1
XYCzIyBh,1
XZCpphxA,1
XZZUvGDi,1
XdOiSbvc,1
XohygKMu,1
XqayxfxS,1
XtFMcSMn,1
XwrLBDCr,1
XyRkjoln,1
XzJrIayA,1
YAmkxWvZ,1
YDgMLuyO,1
YJOfEQQY,1
YJULmEQJ,1
YKFoFVbH,1
YLrVgexR,1
YPRzltVa,1
YQHYsrSh,2
YQojmwZO,1
YSwrmpbg,1
YUdivRNQ,1
YVIvAoMR,1
YZeNlAPz,1
YaqBkBQT,1
YbELJGUK,1
YcLgiGRv,1
YcigjhPK,1
YdZgydri,1
YeAAQtBM,1
Yealink,4
Yealink SIP-T21P,1
Yealink SIP-T21P_E2 52.80.193.95,4
Yealink SIP-T46S,3
Yealink T2 Series,1
Yealink T46S,3
Yealink T54W,3
Yealink T55W,3
Yealink T57W,1
Yealink T58W,7
Yealink T59W,2
Yealink T6 Series,3
Yealink T7 Series,2
Yealink T8 Series,2
YfLrbIYO,2
YhHWILej,2
YhVSktci,1
YlQWOoOc,1
YnzlyDMb,1
YrLIAQGS,1
YsJUGKuF,1
YzNcMFVL,1
Z 3.14.38765 rv2.8.3,69
ZEiopyRh,1
ZKrxFtJg,1
ZMTdPYXb,1
ZPBwEWEi,1
ZQCSXiwY,1
ZSNEKnps,1
ZTlfEmol,1
ZTptvNMl,1
ZUIZLdum,1
ZWvSlMTU,1
ZYMLyXMw,1
ZYmZIqhg,1
ZZzGlHAU,1
ZbkQIriH,1
ZbmCDFnd,1
ZfZEXGXk,1
Zoiper,3
Zoiper/5.1.1,30
Zoiper/5.1.1 (macOS 11.2),2
Zoiper/5.1.1 macOS/11.2,2
Zoiper/5.4.0,3
Zoiper/5.5.0,1
Zoiper/6.0.0,1
Zoiper/6.3.0,3
ZrOrPRhR,2
Zttipbag,1
ZuXvYbLd,1
ZyEyovwd,1
ZzrrEtWI,1
aBjbjVsQ,1
aFmJNCoO,1
aGeuvEJm,1
aHxrhdSC,1
aJCpSPPA,1
aMduBQnr,1
aNBsdcIk,1
aNzwcSkU,1
aOTXWfZn,1
aQAClslp,1
aVxSRsAT,1
aXSSipbr,1
afTgKedd,1
agIEiCnX,1
aiLaDlJO,1
akrzaRXj,1
aqZhydKb,1
asmer,8197
atrJZpEC,1
avOSnUzb,2
awbrqgzz,1
axKGBIJG,1
axLzanjO,1
bAMTXosO,1
bCKLkevo,1
bFqGjtCL,1
bJbdzxui,1
bLluEXrv,1
bLwLpIwm,1
bMLwHQpf,1
bPMSItNT,1
bPoRfhDR,1
bXvZgjDN,1
bYIMAPxs,1
bZVZoOWC,1
bc-uc,48
bcdZAmCd,1
bdFcWojh,1
beyGffhC,1
bfAMpyYB,1
bgZflTlb,1
bhsNQJsp,1
bnGRQZOR,1
brmQtgtx,1
bstDPICp,1
by the developer AmroYassr Skype:AmroYasser1993@gmil.com v1.0 DLL,1
by the developer AmroYassr v1.0 DLL,15
bydFLIqS,1
bzAAalDM,1
cCbeintZ,1
cDEXaTHD,1
cDbLxjQX,1
cFwVJeGC,1
cJpYTGyI,1
cKDDqEQE,1
cLwPhRhC,1
cMDQJEeT,1
cOmmSRTK,1
cTJspRzM,1
cXFkqysy,1
cXrJkUpr,1
cbxQlpKT,1
ccjjGgrG,1
cdoIvStn,1
ceBPlLaR,1
cisco,7093
crxtqKyV,1
ctcAMPRJ,1
cvrePvHl,1
cwlFJQrC,1
cxSLAnOJ,1
cyDKMzdt,1
dBEzzXbT,1
dEZTatui,1
dGMntute,1
dHHoseNs,1
dKroZgyc,1
dKtJMbzl,1
dMlTLXtg,1
dPBEidLo,1
dQeMJgiw,1
dSEUPAws,1
dTHNbgHB,1
dWDDtnoB,1
dcQJnyzV,1
dfkboPan,1
dgDgaInX,1
diwIvMDr,1
doUojjkb,1
dsxgeKUA,1
duiBwYdX,1
dvjnAxng,1
dxBeNdZv,1
dxpORSSL,1
eArlarbv,1
eFPDDZhD,1
eGmFuGiR,1
eIEjmPPp,1
eIiwYrPM,1
eNSsjZFR,1
ebQzKJCp,1
ebxdnAsz,1
edfWYyjJ,1
egDPmnml,1
egaVnIWz,1
ejNYICQZ,1
ekifMFkQ,1
ellxtFLG,1
emCKrMaf,1
emhDBXUo,1
emosqISg,1
epGXGotx,1
erprkBZU,1
erssPgqR,1
esClfUiO,1
esTQsHSp,1
etiutcgs,1
eyeBeam,136
eyeBeam release 1003s stamp 31159,396
eyeBeam release 3006,4
eyeBeam release 3015c stamp 27107,20
fBHscgNS,1
fDrXcUsM,1
fEBandDo,1
fEfWAYyl,1
fEunFVKK,1
fLMwulEI,1
fPLonGRS,1
fRbLEnEM,1
fTaLssvz,1
fVJwZVtP,1
fVSpurQA,1
fVuWmElu,1
fWJrBQOe,1
fXgsruMv,1
fdhmvQom,1
ffYeuhrz,1
ffkHCBTj,1
finOMmXC,1
finnPhJN,1
flgYralB,1
fmbUGJxF,1
friendly-scanner,18619
gBVpHVCb,1
gJCixpPM,1
gNjjtrJw,1
gRDudFuG,1
gRmTTAip,1
gYRGxACd,1
gZYVesfn,1
gcPeeNIP,1
ggRVUcnk,1
gkFnpfGt,1
gpueFlsC,1
grNcmkPs,1
gycsUnar,1
gzwinnMK,1
hBozoYZQ,8
hCcApVXY,1
hFfdFtUF,1
hKIzztHR,1
hPvmCEtt,1
hSHeVenK,1
hSpHEdGl,1
hSxZaZUM,1
hYFGjdBk,1
hYnzNPBS,1
hbFtOThk,1
hbQIHvpQ,1
hjRvfFGV,1
hlODaSTc,1
hnWIDnYo,1
hnzVhPlL,1
hpidytIB,1
hrxUtEdr,1
hwuHfbIO,1
hzjbADpp,1
iDnyModR,1
iFEFnqbh,1
iFzfgJuH,1
iWSxjrqT,1
iWxHrkXK,1
iaCacidj,1
ibiPAqmc,1
icJwRGmz,1
ievdyWUN,1
imVFKsNl,1
ims,143
irxMXAzO,1
iuVEJvOD,1
jCPFvDgP,1
jHAehscd,1
jJqtuAaS,1
jKLplKUi,1
jKXURZHb,1
jLyWShjn,1
jMYRPDWN,1
jOQpySfg,1
jPRKaxII,1
jVuRcFBl,1
jWkXfNoI,1
jZondcSE,1
jaGWwXNJ,1
jaXytLqZ,1
jagdnSXH,1
jbTCnjrD,1
jczeWhRV,1
jdgfqWKI,1
jiAKCQwE,1
jlcOsTXo,1
jnkVXpWD,1
jqajbAUo,1
jrCpWUCB,1
jrXEOTFL,1
jsvTilkL,1
jvyBrlEB,1
jwSoCHwu,1
jzBNUhtD,1
kANkBNXl,1
kBAXiqZQ,1
kCDSVOKc,1
kFzBGsYO,1
kNTaPOJH,1
kNpTkQjR,1
kOysOuxv,1
kPCeVRWv,1
kTBaGHiZ,1
kWUJyKvR,1
kXHfEPfy,1
kXlkcwEl,1
kadTkIeB,1
kamailio (5.3.2 (x86_64/linux)),3
kamailio (5.7.5 (x86_64,6
kbTREuBf,1
kcLRZNky,1
kdCbbrmm,1
kdSFnXFB,1
keNFWBks,1
kfRDIlHO,1
kiUMotDf,1
kjLgIOFx,1
kktdjKam,1
knQiLmpB,1
koieFmjX,1
kpNExepD,1
kpdHQdeg,1
kpdKjdxj,1
kqxSjtWg,1
krEvOFeT,1
krnJLUci,1
kyIZRoUi,1
lERcJXrz,1
lGHVogkH,1
lHCBEMBE,1
lHxRnnGS,1
lJVCVhsA,1
lNAwXZOy,1
lQhhFAvw,1
lQxZOMdL,1
lRhPtIDN,1
lSMPFogY,1
lXTbsKIz,1
laTmOXuK,1
lcUMqkOd,1
leBrXHCk,1
leUCrgXm,1
leqjFDKW,1
lhHriTBw,1
lhisizNO,1
lnffRVaP,1
lpcGdZEZ,2
lvQqOudv,1
lwtEsiHi,1
lyNlTRvO,1
mBUmwHFc,1
mBhGPdyt,1
mBlEwhxg,1
mCOtmzwp,1
mCfkJigH,1
mChNmNUP,1
mEZhIJUI,1
mGnNdgCN,1
mHjvPDcS,1
mKDLEtSE,1
mLYWsjDs,1
mLmmIWfJ,1
mMuWaJjA,1
mOWeIqqp,1
mPRghHkX,1
mQXrVVQm,1
mRalpQOE,1
mXoPCasB,1
mZLPUimP,1
mapLIGud,1
meAKOOBz,1
mgdjrIFp,1
mgixgRNX,1
miFssCqp,1
miUNtjtZ,10
mmVmXsQb,1
mnJratZy,1
movPsSWV,1
mpDiclHH,1
nAbsrPKi,1
nAloobof,1
nBQhAcgo,1
nIGlUdXW,1
nKBkpxKS,1
nLrZSSYR,1
nLvUNtFX,1
nRCdOChK,1
nSGnsAnJ,1
nSXfbeAD,1
nZJzNwla,1
ndXlRmVH,1
necFXaeb,1
ngRNFtCO,1
ngxzhNKx,1
nhRDJtcB,1
nhZuxDpQ,1
nlwRvgLy,1
nqMJuUcX,1
nsHdQCDF,1
ntSdGAXJ,1
nvoGzgwS,1
nxwCLdGn,1
oIGAonYJ,1
oJtGEMxI,1
oSQCWRFj,1
oZzTkOpa,1
oamEDFlk,1
oczGSRxE,1
ojcOTcEG,1
onCHosJj,1
oqAUoSxJ,1
oqRoyEEN,1
owoaDRmk,1
oxCwURbE,1
oxXhbLYy,1
oyFeVNoj,1
oyyHiCJn,1
pAtIvNRt,5
pBZZGpFC,1
pHCcrXLg,1
pIbYWvwg,1
pIsNHzxM,1
pJsRtctW,1
pMshZNhk,1
pOGzgNdq,1
pTsoazoR,1
pUDlXwFR,1
pYnfEHJh,1
pacqkOru,1
pbVLflrI,1
pbx,189
phiVPAKU,1
pjmRIhMx,1
pjsip python,52
pkMVLusE,1
plbRsdrG,1
pmHNWjVt,1
pokqIwJr,1
pplsip,32363
psxrWdBMKtiQgoWs,2
pthelOPY,1
pujBjivw,1
pyJkwQdv,1
qBNeTqmQ,1
qEGytrGL,1
qFNCLxEU,1
qKRCSXmX,1
qMDlLrXg,1
qQtYfTXV,1
qQzWcDzS,1
qSMmyETr,1
qShwLbrj,1
qVmyOqSN,1
qXHiKBJa,1
qYBqvTtZ,1
qYRaWojh,1
qbGXcBHB,1
qcTGmnDe,1
qcscAfTT,1
qhGqfgGl,1
qhYKpoJY,1
qjYfrBIR,1
qkzxSvLc,1
qlPKGuYL,1
qoOPkKAS,1
qpBoOPXt,1
qpYqZaGc,1
qquwqFZu,1
qrsdrfdR,1
qudpYAkW,1
quxiegHj,1
qvkblqMl,1
rAiRROJL,1
rBZxrLIh,2
rCMrmgRx,1
rCSGMLsq,1
rIpqhyiO,1
rOPsmibq,1
rRHpfCIF,1
rSAQGJhI,1
rSIjvBKV,1
rSwWUHAv,1
rUGKzNSl,1
rVGcCMQI,1
rXiujqvh,1
raByCzxp,1
reapsEXd,1
reklKxAK,1
rfzLOhIq,1
riomnctd,1
rkettQGd,1
rmOGxsgC,1
rnAPMlzC,1
roQNXicA,1
rqnZZqub,1
rrGORFEL,1
rskFwCJz,1
ruHJVYQq,1
ruwViCwT,1
rvbGZUGR,1
rvnDaDYj,1
rwlOyvmW,1
rzYowAXU,1
sDPmGWUH,1
sFYrbHhT,1
sGWxRQlm,1
sGdbVBOz,1
sLUPyEiw,1
sMfpjAgg,1
sMiLIhQf,1
sNMODcIN,1
sTNNIrks,1
sUvyqGFd,1
sZXYIyrt,1
saetZQfu,1
sdCXhkkz,1
sendsms-voipms 0.1,12
sfWJhHqw,1
sip,1
sjaoygSY,1
skpQmSOx,1
snomD375,3
softphone,16
spa112,8
spsLbwAk,1
sptItKRa,1
sqkjyOFW,1
stkacGgF,1
tBDWLLdF,1
tFeVgygn,1
tKIVPjzZ,1
tMrXvEbl,1
tOUdEwsh,1
tSQShHlQ,1
tUJZUBGp,1
tVBGlDFT,1
tYXjctcG,1
taFfOJqn,1
tbRlQAEt,1
teOgBcPx,1
tgOKVTCQ,1
tgpmWyyb,1
tjTCyJNx,1
tkwjOwzT,1
tmQfshkl,1
tn3K_7Cj,1
tqeZQMZp,1
tuSAtLLW,1
tuTjEADy,1
twJubdAu,1
txcHnnin,1
txogulQY,1
uAGVJtpz,1
uBvfnWvR,1
uCxAvGac,1
uDHRifzJ,1
uDfxjikv,1
uEHsBAvU,1
uFyjtqDT,1
uGfGtqet,1
uGyfmTBF,1
uOTuCrzD,1
uQnzUYjh,1
uTpNpBPI,1
uUkNMCrA,1
uWimOofM,1
uXyBrwmV,1
uXzFBeZZ,1
uZaTGHBW,1
uaYjknyt,1
udEiZSJQ,1
ufJOhTYI,1
ujEXOwhm,1
ukgjnGVR,1
ulUphrHO,1
umCpPxdm,1
unknown,6961
unmTiYwS,1
unuyJRCn,1
utPrbTAD,1
uuNbiimI,1
uvXgSNDk,1
uwczFWaS,1
uzGffYoX,1
vAGvChfp,1
vAyGktCI,1
vEgwuNjv,1
vHmHYLHi,1
vKGaVOtk,1
vMwMoTkk,1
vPHdtKFo,1
vPduJrwm,1
vSvVOada,1
vTnAaZpz,1
vUpUImbp,1
vUphulov,1
vWQkEpls,1
vXTGwxQU,1
vXlcAfln,1
vYMDHaHQ,1
vYUdGWOW,1
vdixCOwG,1
vgbeRqdV,1
vhQspLKL,1
vnWkZlNo,1
voip,948
vvHfdmDc,1
vvsmVBnr,1
vwDuhQDw,1
vxujhgmh,1
wAzdylGF,1
wBBeZphx,1
wEubgDQo,1
wHeMvuDQ,1
wJwOLGWc,1
wKgMvwJH,1
wQtxUIkK,1
wSALRIyT,1
wUHcGedn,1
wWeCiwJz,1
wWohAfYv,1
wZMSrXhy,1
wauWDjuK,1
weRKsdRcgtriJyaAwZu,2
wgXpffMh,1
wlVqDAfk,1
wnpWyRnY,1
wrbcqrWc,1
wuqTpJLb,1
wyElbKoy,1
wybZVPWs,1
wzMbGdew,1
xAezRLnl,1
xCAAwogn,1
xETuTtDA,1
xJxPMeXc,1
xKodroKU,1
xKvdaMlt,1
xNBAazdy,1
xPFaqmha,1
xPFzqIQb,1
xPUnoJCH,1
xVXDFxfq,1
xXPwbxHo,2
xZlXSFuW,1
xaIXlrfV,1
xaLXTLjh,1
xdqQPbTF,1
xfa1,6
xfaTfgmA,1
xfcQBgve,1
xkeKSpdn,1
xmAIBGYW,1
xokfCkCk,1
xtMbhBxq,1
xxUwaRcD,1
xzFAdIQC,1
xzOpXTMO,1
yAANfzNW,1
yBldgMFl,1
yBuvJdKl,1
yDGLoloo,1
yDILYfTR,2
yDRYTFOc,1
yJexrwPj,1
yLcWhXfX,1
yRMWeJcC,1
yUPTMWIZ,1
yWAlYqqp,1
yYRzzHWu,1
yavlsJqh,1
yczMzZPd,1
yhuvqSuL,1
yltwKlXF,1
yvfrtFqj,1
yweBscDi,1
zBzkdPlw,1
zJmGVygw,1
zKYWvGLk,1
zOCgBiKp,1
zQQSYeSp,1
zSZyqzBW,1
zeLabvwE,1
znwZRhyx,1
zsLVlHrk,1
ztwxQqdK,1
zxYYtDwr,1
zxzcqOuS,2
zymTEVqM,1
zytNnXTB,1
