fileinfo.filename,count
/,44622
/$,18
/%5c%5ccu7rlc116vc2lufefqd09rhix3xk6ghqf.oast.pro%5cC$%5cbb,1
/%77eb%75i_%77sma_Http,2
/+CSCOE+/logon.html,463
/+webvpn+/index.html,298
/-/media/doo-doo.ashx,1
/.,1
/..,22
/../../../../../../../../etc/passwd,2
/../../../../etc/passwd,2
/../../etc/passwd,3
/../../web.config,4
/../.env,8
/.33.php,1
/.9090.php,6
/.AWS/CREDENTIALS,4
/.AWS/credentials,8
/.AWS_/credentials,2
/.Aws/credentials,4
/.CONFIG.yaml,4
/.Config.yaml,4
/.DS_Store,18
/.ENV,10
/.ENV.EXAMPLE,4
/.ENV.example,4
/.Env,4
/.__info.php,6
/.asdcasdd.php,1
/.aws/config,7
/.aws/configure,2
/.aws/credentials,164
/.aws/credentials.ini,2
/.aws/credentials.json,2
/.aws/credentials.yaml,2
/.aws/credentials.yml,2
/.azure/config,2
/.azure/credentials,2
/.c9/metadata/environment/.env,15
/.ci/.env.ci,1
/.circleci/configs/development.yml,2
/.config,6
/.config.yaml,35
/.config/.git/config,1
/.cpr//etc/passwd,1
/.d4ff74b78a25301782fd0f783a5ad100.php,10
/.ddf80a17eab6d1ee163d01524a8f2e68.php,12
/.deploy/.git/config,1
/.dev.env,1
/.docker.env,1
/.docker/.env,22
/.docker/.git/config,1
/.docker/config.json,2
/.docker/laravel/app/.env,8
/.ebextensions/environment.config,2
/.env,3609
/.env-example,3
/.env-sample,7
/.env.,5
/.env.1,5
/.env.198.7,1
/.env.2,5
/.env.BAK,4
/.env.EXAMPLE,4
/.env.aws,15
/.env.back,1
/.env.backup,135
/.env.backup.local,2
/.env.bak,180
/.env.base-distante,1
/.env.base-locale,1
/.env.bk,2
/.env.cache,17
/.env.ci,102
/.env.cloud,2
/.env.config,106
/.env.copy,2
/.env.current,2
/.env.debug,19
/.env.default,96
/.env.defaults,2
/.env.deploy,2
/.env.dev,140
/.env.dev.js,2
/.env.dev.local,112
/.env.development,24
/.env.development.local,109
/.env.development.sample,3
/.env.dist,120
/.env.dist.local,2
/.env.docker,13
/.env.docker-compose,12
/.env.docker.dev,6
/.env.example,63
/.env.example.local,2
/.env.exemple,1
/.env.ini,2
/.env.init,13
/.env.json,10
/.env.live,113
/.env.live.local,2
/.env.local,145
/.env.old,53
/.env.orig,17
/.env.override,2
/.env.php,8
/.env.preprod,95
/.env.preview,2
/.env.private,2
/.env.prod,162
/.env.prod.js,2
/.env.prod.local,34
/.env.production,182
/.env.production.local,109
/.env.project,17
/.env.qa,27
/.env.sample,3
/.env.sample.local,2
/.env.sample.php,4
/.env.sandbox,94
/.env.save,159
/.env.save.1,10
/.env.secret,99
/.env.secrets,2
/.env.secure,2
/.env.settings,2
/.env.stage,116
/.env.stage.local,2
/.env.staging,5
/.env.staging.js,2
/.env.staging.local,102
/.env.swp,5
/.env.template,99
/.env.test,94
/.env.test.local,5
/.env.test.sample,2
/.env.testing,119
/.env.testing.example,2
/.env.testing.local,20
/.env.tmp,24
/.env.travis,3
/.env.txt,8
/.env.uat,99
/.env.www,17
/.env.yaml,2
/.env.zip,2
/.env/.env-sample,2
/.env/config,3
/.env1,5
/.env_1,21
/.env_2,5
/.env_example,1
/.env_old,1
/.env_sample,118
/.environment,5
/.envrc,34
/.envs,5
/.env~,29
/.example.env,1
/.f3497d66b0bdfd82fd4ba2a423b0c3f9.php,4
/.ghc.environment,1
/.git/,5
/.git/.env,9
/.git/HEAD,61
/.git/config,1479
/.git/configf,6
/.git/index,79
/.git/logs/,1
/.git/logs/HEAD,3
/.git/objects/,7
/.git/objects/info/,5
/.git/objects/pack/,7
/.git/packed-refs,2
/.git/refs/,40
/.git/refs/heads/,26
/.git/refs/remotes/,11
/.git/refs/tags/,18
/.git2/config,2
/.gitconfig,2
/.github-ci.yml,1
/.github/.git/config,1
/.gitlab-ci.yml,14
/.gitlab-ci/.env,20
/.gitlab-ci/variables.yml,1
/.gitlab/.git/config,1
/.header.php,1
/.idea/workspace.xml,2
/.info.php,5
/.jenkins/.git/config,1
/.json,51
/.kube/config,2
/.live_env,2
/.local.env,1
/.local/.git/config,1
/.marvels.php,1
/.netrc,1
/.phpinfo,13
/.powenv,5
/.prod.env,1
/.production,6
/.production.env,5
/.profile,6
/.s3cfg,5
/.secret,4
/.secret/.git/config,1
/.secrets,9
/.ssh/sftp-config.json,2
/.svn/,2
/.svn/.git/config,1
/.svn/entries,2
/.svn/wc.db,3
/.temp/.git/config,1
/.tmp/.git/config,1
/.travis.yml,12
/.twilio.env,9
/.txt,5
/.vscode/.env,8
/.vscode/.git/config,1
/.vscode/settings.json,4
/.vscode/sftp.json,20
/.well-known/acme-challenge/../../admin/diagnostic.jsp,1
/.well-known/agent.json,1
/.well-known/matrix/client,1
/.well-known/security.txt,930
/.wp-config.php.swp,1
///////////////../../../../../../../etc/passwd,2
/0.0_phpinfo.php,6
/00_server_info.php,5
/02-info.php,6
/0gcb,1
/0pQk,1
/0vuA,1
/0x4148.php.call,13
/1.php,21
/1.sql,1
/11.php,13
/110011.php,1
/111x111.php,1
/112233.php,2
/123.php,33
/124443.php,36
/124fff443.php,10
/17/.env,2
/194.238.24.37/.env,41
/198.7.118.34.7z,1
/198.7.118.34.bak,1
/198.7.118.34.gz,1
/198.7.118.34.rar,1
/198.7.118.34.tar,1
/198.7.118.34.tar.gz,1
/198.7.118.34.zip,1
/198.7.118.34/.env,72
/198.7.118.34_db.bak,1
/1980.php,27
/19800.php,16
/198000.php,10
/1981.php,9
/1_1_PhpInfo.php,5
/1xoD,1
/2024/.env,4
/22.php,4
/22919811.php,13
/22919811Ali.php,1
/2Coy,1
/2rwOEOPylF0H1F5nH4cWYKumXwp.jsp,1
/2rwOEQINsvOYuWnUM1jHY0euQhu,1
/2rwOEQO06PoXlrFi9UZ5IuIGv0b.txt,1
/2rwOEYDKTfiEE300imD6NJpR0a3,1
/2rwOEYKNSrH46tmbCtuROmUgIZD.jsp,1
/3.php,39
/3243222222.php,1
/33.php,15
/333.php,42
/3496/,1
/3ali3.php,1
/3zYV,1
/445122A555.php,13
/5454545.php,15
/555.php,10
/58vy,1
/5Rpe,1
/5info.php,4
/5maY,1
/5pqF,1
/686787,1
/6fwI,1
/6qqD,1
/6ymA,1
/6zv6,1
/7nsD,1
/7rQb,1
/7zGd,1
/89.116.26.229.sql,1
/89.116.26.229/.env,210
/89.116.26.229_db.sql,1
/8K9csR,1
/8UzU,1
/8hTh,1
/9090.php,7
/9iyA,1
/:443/.env,2
/:80/.env,2
/:80/_profiler/phpinfo,1
/:8080/.env,2
/:8080/_profiler/phpinfo,1
/:8888/.env,2
/@fs/proc/self/environ,2
/ADMIN/.env,13
/ADMINISTRATOR/.env,9
/API/.env,25
/API/convertCSVtoParquet.php,2
/APIV1/.env,1
/APP/.env,3
/APPLICATION/.env,2
/APPS/.env,2
/Admin/.env,13
/Admin/Admin.aspx,2
/Admin/index.php,1
/Admin/login.php,1
/Administrator/.env,9
/Ahmed01126291919.php,13
/AkfJ,1
/Api/.env,28
/Api1/.env,1
/App/.env,11
/Application/.env,4
/Ar3v,1
/Archipel/.env,9
/AsA.php,1
/Autodiscover/Autodiscover.xml,12
/AwsConfig.json,5
/BACKEND/.env,2
/BACKUP/.env,9
/BU/.env,9
/BYxI,1
/Backend/.env,11
/BtNY,1
/CFIDE/adminapi/accessmanager.cfc,1
/CFIDE/adminapi/base.cfc,1
/CFIDE/wizards/common/utils.cfc,5
/CONFIG/.env,2
/CORE/.env,11
/CP/.env,2
/CREDENTIALS,2
/CRM/.env,2
/CfjI,1
/Chai/.env,9
/Citrix/XenApp/auth/login.aspx,2
/Citrix/teststoreAuth/SamlTest,1
/ClientApp/.env,1
/Co7s,1
/Collector/appliancesettings/applianceSettingsFileTransfer,2
/Collector/diagnostics/ping,2
/Collector/diagnostics/trace_route,2
/Collector/nms/addModifyZTDProxy,1
/Config/.env,6
/Core/.env,12
/Cp/.env,2
/Credentials,2
/Crm/.env,2
/CzJV,1
/DATA/.env,2
/DEMO/.env,4
/DEV/.env,4
/DOC/.env,4
/DOCS/.env,4
/Data/.env,2
/Demo/.env,5
/Dev/.env,19
/Doc/.env,4
/Dockerfile,1
/Docs/.env,4
/Download/.env,4
/EPmZ,1
/EbsB,1
/Env/.env,4
/FD873AC4-CF86-4FED-84EC-4BD59C6F17A7,27
/FEP834,1
/Ft5n,1
/GTRo,1
/GeneralDocs.aspx,1
/GetBalance/footboo,3
/GponForm/diag_Form,3
/GvLS,1
/H2rp,1
/HNAP1,4
/HNAP1/,9
/HWNo,1
/Hash/.env,5
/Hima.php,13
/Hl5t,1
/Hmo8,1
/Html/.env,4
/Hv4j,1
/I6ey,1
/I7om,1
/ILqV,1
/IZtE,1
/IkPX,1
/Inc/.env,4
/Infos/,4
/InsightPluginShowGeneralConfiguration.jspa,1
/IvUI,1
/JHzQ,1
/JUPm,1
/Jb8x,1
/Jn1s,1
/KekA,1
/KmKY,1
/Kt2k,1
/L3js,1
/LARAVEL/.env,9
/LISt,1
/Lara/.env,2
/Laravel/.env,13
/Lib/.env,4
/Library/.env,13
/Local/.env,9
/Logging/.env,4
/Login,2
/Login.aspx,1
/Login/,4
/Login/index.jsp,2
/Lon3,1
/LqZF,1
/MaFh,1
/Main/Default.aspx,1
/Media/.env,5
/Misc/.env,3
/MoJV,1
/MsDY,1
/Mu2h,1
/NXFp,1
/Ne2w,1
/New/.env,3
/Nfr6,1
/NmAPI/RecurringReport,1
/Nmap/folder/check1727600294,1
/Nmap/folder/check1727694893,1
/Nmap/folder/check1727951904,1
/Nmap/folder/check1736506788,1
/Nmap/folder/check1744438120,1
/Nmap/folder/check1744550936,1
/NmapUpperCheck1727600294,1
/NmapUpperCheck1727694893,1
/NmapUpperCheck1727951904,1
/NmapUpperCheck1736506788,1
/NmapUpperCheck1744438120,1
/NmapUpperCheck1744550936,1
/Nu8b,1
/NyY,1
/OASREST/v2/authenticate,1
/OA_HTML/AppsLocalLogin.jsp,14
/OA_HTML/ibeCAcpSSOReg.jsp,1
/OA_HTML/ibeCRgpIndividualUser.jsp,1
/OA_HTML/ibeCRgpPartnerPriCreate.jsp,1
/OA_HTML/ibeCRgpPrimaryCreate.jsp,1
/OBUv,1
/OFDr2k,1
/OFaf,1
/OS/startup/restore/restoreAdmin.php,1
/Odin/http/call1721818320,1
/Odin/http/call1722186133,1
/Odin/http/call1722186622,1
/Odin/http/call1722663260,1
/Odin/http/call1722663331,1
/Odin/http/call1723370167,1
/Odin/http/call1723599907,1
/Odin/http/call1723602388,1
/Odin/http/call1723691468,1
/Odin/http/call1723692252,1
/Odin/http/call1724183337,1
/Odin/http/call1724296984,1
/Odin/http/call1724300745,1
/Odin/http/call1724814145,1
/Odin/http/call1724815925,1
/Odin/http/call1725142986,1
/Odin/http/call1725150500,1
/Odin/http/call1725201970,1
/Odin/http/call1725206131,1
/Odin/http/call1725945712,1
/Odin/http/call1725946613,1
/Odin/http/call1726106008,1
/Odin/http/call1726107363,1
/Odin/http/call1727122716,1
/Odin/http/call1727431572,1
/Odin/http/call1728157914,1
/Odin/http/call1730527369,1
/Odin/http/call1731766157,1
/Odin/http/call1731811104,1
/Odin/http/call1731947520,1
/Odin/http/call1732462699,1
/Odin/http/call1732691393,1
/Odin/http/call1732695407,1
/Odin/http/call1732705999,1
/Odin/http/call1732708962,1
/Odin/http/call1733366783,1
/Odin/http/call1733981570,1
/Odin/http/call1734340002,1
/Odin/http/call1734604051,1
/Odin/http/call1735264991,1
/Odin/http/call1735496444,1
/Odin/http/call1736398788,1
/Odin/http/call1736399543,1
/Odin/http/call1737114267,1
/Odin/http/call1737213309,1
/Odin/http/call1737534458,1
/Odin/http/call1737541457,1
/Odin/http/call1737924435,1
/Odin/http/call1737942153,1
/Odin/http/call1737947019,1
/Odin/http/call1738788172,1
/Odin/http/call1739226491,1
/Odin/http/call1739352552,1
/Odin/http/call1739364469,1
/Odin/http/call1739368054,1
/Odin/http/call1739827446,1
/Odin/http/call1739915974,1
/Odin/http/call1740359190,1
/Odin/http/call1740362210,1
/Odin/http/call1740417615,1
/Odin/http/call1740619869,1
/Odin/http/call1740621093,1
/Odin/http/call1740772300,1
/Odin/http/call1741076254,1
/Odin/http/call1741247688,1
/Odin/http/call1741513953,1
/Odin/http/call1741517346,1
/Odin/http/call1741784291,1
/Odin/http/call1741826985,1
/Odin/http/call1741972031,1
/Odin/http/call1742118661,1
/Odin/http/call1742578298,1
/Odin/http/call1742826480,1
/Odin/http/call1742832465,1
/Odin/http/call1742985460,1
/Odin/http/call1743453415,1
/Odin/http/call1743529740,1
/Odin/http/call1744503783,1
/Odin/http/call1744691839,1
/Odin/http/call1744693989,1
/Odin/http/call1744726026,1
/Odin/http/call1744729024,1
/Odin/http/call1744895550,1
/OdinHttpCall1721818320,1
/OdinHttpCall1722186133,1
/OdinHttpCall1722186622,1
/OdinHttpCall1722663260,1
/OdinHttpCall1722663331,1
/OdinHttpCall1723370167,1
/OdinHttpCall1723599907,1
/OdinHttpCall1723602388,1
/OdinHttpCall1723691468,1
/OdinHttpCall1723692252,1
/OdinHttpCall1724183337,1
/OdinHttpCall1724296984,1
/OdinHttpCall1724300745,1
/OdinHttpCall1724814145,1
/OdinHttpCall1724815925,1
/OdinHttpCall1725142986,1
/OdinHttpCall1725150500,1
/OdinHttpCall1725201970,1
/OdinHttpCall1725206131,1
/OdinHttpCall1725945712,1
/OdinHttpCall1725946613,1
/OdinHttpCall1726106008,1
/OdinHttpCall1726107363,1
/OdinHttpCall1727122716,1
/OdinHttpCall1727431572,1
/OdinHttpCall1728157914,1
/OdinHttpCall1730527369,1
/OdinHttpCall1731766157,1
/OdinHttpCall1731811104,1
/OdinHttpCall1731947520,1
/OdinHttpCall1732462699,1
/OdinHttpCall1732691393,1
/OdinHttpCall1732695407,1
/OdinHttpCall1732705999,1
/OdinHttpCall1732708962,1
/OdinHttpCall1733366783,1
/OdinHttpCall1733981570,1
/OdinHttpCall1734340002,1
/OdinHttpCall1734604051,1
/OdinHttpCall1735264991,1
/OdinHttpCall1735496444,1
/OdinHttpCall1736398788,1
/OdinHttpCall1736399543,1
/OdinHttpCall1737114267,1
/OdinHttpCall1737213309,1
/OdinHttpCall1737534458,1
/OdinHttpCall1737541457,1
/OdinHttpCall1737924435,1
/OdinHttpCall1737942153,1
/OdinHttpCall1737947019,1
/OdinHttpCall1738788172,1
/OdinHttpCall1739226491,1
/OdinHttpCall1739352552,1
/OdinHttpCall1739364469,1
/OdinHttpCall1739368054,1
/OdinHttpCall1739827446,1
/OdinHttpCall1739915974,1
/OdinHttpCall1740359190,1
/OdinHttpCall1740362210,1
/OdinHttpCall1740417615,1
/OdinHttpCall1740619869,1
/OdinHttpCall1740621093,1
/OdinHttpCall1740772300,1
/OdinHttpCall1741076254,1
/OdinHttpCall1741247688,1
/OdinHttpCall1741513953,1
/OdinHttpCall1741517346,1
/OdinHttpCall1741784291,1
/OdinHttpCall1741826985,1
/OdinHttpCall1741972031,1
/OdinHttpCall1742118661,1
/OdinHttpCall1742578298,1
/OdinHttpCall1742826480,1
/OdinHttpCall1742832465,1
/OdinHttpCall1742985460,1
/OdinHttpCall1743453415,1
/OdinHttpCall1743529740,1
/OdinHttpCall1744503783,1
/OdinHttpCall1744691839,1
/OdinHttpCall1744693989,1
/OdinHttpCall1744726026,1
/OdinHttpCall1744729024,1
/OdinHttpCall1744895550,1
/Okl7,1
/OpOO,1
/OwSC,1
/PHPConf.php,1
/PHPINFO.php,3
/PHPinfo.php,3
/PMA/,1
/PMA2005/,1
/PORTAL/.env,9
/PSIA/index,1
/Passportjs/.env,9
/Phpinfo.php,3
/Platform/.env,9
/PrVD,2
/ProcessWait.aspx,2
/Prod/.env,9
/Production/.env,12
/Public/.env,12
/Public/home/js/check.js,22
/Q2rg,1
/Q3mk,1
/Q6hm,1
/Qnh5,1
/QrBW,1
/R7dp,1
/RDWeb,29
/RDWeb/,5
/RDWeb/Pages/,967
/RDWeb/Pages/en-US/default.aspx,6
/RDWeb/Pages/en-US/login.aspx,22
/RDWeb/webclient/,4
/RPHqhz,1
/RealGimmWeb/Pages/ErroreNonGestito.aspx,1
/RealGimmWeb/Pages/Sistema/LogObjectTrace.aspx,1
/Remote,17
/Remote/,12
/RemoteApplicationMetadata.rem,1
/ReportServer,68
/SAAS/t/_/,1
/SCOx,1
/SHyH,1
/SPiP,1
/SQLite/main.php,1
/SQLiteManager-1.2.4/main.php,1
/SQLiteManager/main.php,1
/SQkN,1
/SQlite/main.php,1
/SSS.php,8
/STC_VoIP_PIN/config.all.php,39
/STnG,1
/SXXY,1
/SaS.php,15
/SassssssS.php,9
/Sb9o,1
/SecurityGateway.dll,1
/Server/.env,3
/Servlet/Skins,1
/SetupWizard.aspx/EZHRBjwiaE,1
/Shared/.env,3
/Site/.env,12
/SiteLoader,21
/Socketio/.env,9
/Sources/API/.env,1
/SpotiApps/.env,1
/Stag/.env,9
/Stage/.env,3
/Staging/.env,12
/Startup/Register,1
/Synchronization,1
/T6aq,1
/T6bHkeeG3IixY7Bh0noD1QyFLiPlD23T05_fYYWAB0SqWLgWGk-3zAazG2k0MqhO6AxISCCvosgJ0eBTxGrQHktud-cN20EuWN5bCgJQ7zQLOPyK5jhNF7Y2p-_JSxpBpQvWHxM5plh6NA2yELiAvVST24ah1aKWBxJ3EDpy2DOgE3DO9xUsIIP6R9Vy49sZRKRZKYyU6s9Z3QCfH7jzY3ZFQsI-dvC37Aw,6
/TCSr,1
/Telerik.Web.UI.WebResource.axd,17
/Tests/Application/.env,1
/Token,1
/Tool/uploadfile.php,1
/UE/welcome_login.html,4
/UjKS,1
/Upload/.env,3
/User_info/.env,8
/V1.0,1
/V1/.env,8
/V2/.env,8
/V9ei,1
/VERM/VERM_AJAX_functions.php,224
/VMQh,1
/Var_..php,1
/VbLY,1
/Vendor/.env,3
/WEB_VMS/LEVEL15/,1
/WSStatusEvents/EventHandler.asmx,3
/Wcj9,1
/We2n,1
/WeWI,1
/Web/.env,11
/WebInterface,1
/WebInterface/,19
/WebInterface/function/,2
/WebInterface/login.html,1
/WuEL,21
/WyIC,1
/XKMl,1
/XKOj,1
/XmlPeek.aspx,2
/XsS5caIjeq.php,1
/Y3pa,1
/Z3R0-C00L.php,13
/Z3R0-C00l.php.call,13
/ZFL9TZ.txt,1
/_.env,8
/__down,2
/__info.php,5
/__macosx/.git/config,6
/__screenshot-error,1
/__tests__/test-become/.env,20
/_admin/.git/config,1
/_adminer.php,1
/_all_dbs,3
/_api/.git/config,1
/_api/web/siteusers,2
/_app/.git/config,1
/_archive/.git/config,1
/_assets/.git/config,1
/_asterisk/,33
/_asterisk/.33.php,1
/_asterisk/.asdcasdd.php,1
/_asterisk/1.php,1
/_asterisk/110011.php,1
/_asterisk/111x111.php,1
/_asterisk/123.php,1
/_asterisk/22.php,1
/_asterisk/253582e2ec168f76c0d4755668192ea4fdad110fe4dee9.php,13
/_asterisk/3.php,1
/_asterisk/3ali3.php,1
/_asterisk/Do.php,3
/_asterisk/MeSSi.php,26
/_asterisk/V-E-M.php,13
/_asterisk/Xiii.php,13
/_asterisk/a7a.php,26
/_asterisk/amazon.php,1
/_asterisk/ccc.php,1
/_asterisk/cccc.php,1
/_asterisk/cmd.php,1
/_asterisk/config.all.php,39
/_asterisk/dd.php,1
/_asterisk/google.php,1
/_asterisk/index.php,26
/_asterisk/msn.php,1
/_asterisk/sos.php,13
/_asterisk/tika.php,13
/_asterisk/yahoo.php,1
/_backup/.git/config,1
/_cache/.git/config,1
/_config.php,2
/_core/.git/config,1
/_data/.git/config,1
/_debug/_profiler/empty/search/results,1
/_debugbar,2
/_dev/.git/config,1
/_docs/.git/config,1
/_ignition/debug,2
/_ignition/execute-solution,8
/_ignition/health-check,4
/_images/.git/config,1
/_images/oCOzM5,1
/_info-backoffice.php,5
/_info.php,11
/_js/.git/config,1
/_lib/.git/config,1
/_media/.git/config,1
/_modules/.git/config,1
/_next/image,2
/_old/.git/config,1
/_phpinf.php,6
/_phpinfo.php,10
/_poopinfo.php,10
/_private/.git/config,1
/_profiler/empty/search/results,2
/_profiler/info,5
/_profiler/open,5
/_profiler/phpinfo,417
/_profiler/phpinfo.php,15
/_profiler/phpinfo/info.php,12
/_profiler/phpinfo/phpinfo.php,8
/_public/.git/config,1
/_site/.git/config,1
/_source/.git/config,1
/_sql,3
/_stage/.git/config,1
/_static/.env,20
/_static/.git/config,1
/_test/.git/config,1
/_wpeprivate/config.json,6
/a,21
/a.php,12
/a/.git/config,8
/a/actuator/env,3
/a/env,3
/a2billing/,1
/a2billing/admin/Public/index.php,862
/a2billing/common/images/config.all.php,39
/a2billing/common/javascript/config.all.php,39
/a2billing/common/lib/jpgraph_lib/config.all.php,39
/a2billing/common/lib/pqp/config.all.php,39
/a2billing/config.all.php,39
/a2billing/customer/iridium_threed.php,3
/a2billing/customer/templates/default/footer.tpl,7
/a2billing/ws.php,13
/aIcO,1
/aJx9,1
/aa090.php,11
/aa0900.php,2
/aaa.php,1
/aaa9,44
/aab8,68
/aab9,43
/aastra/config.all.php,39
/ab2g,272
/ab2h,270
/about,5
/about.php,14
/about/.git/config,5
/academy/tutor/filter,1
/access/set,1
/account/,1
/accounts/.git/config,5
/accounts/login/,1
/acme/.env,8
/acp/.env,8
/actuato,4
/actuato%72,1
/actuator,15
/actuator/.,1
/actuator/env,24
/actuator/gateway/routes,401
/actuator/health,142
/actuator/heapdump,5
/ad/.env,1
/addon/.env,8
/addons/.env,6
/adm/phpinfo.php,2
/admin,11
/admin-app/.env,15
/admin-panel/.git/config,5
/admin.php,3
/admin.zip,1
/admin/,20
/admin/.33.php,1
/admin/.asdcasdd.php,1
/admin/.d4ff74b78a25301782fd0f783a5ad100.php,10
/admin/.ddf80a17eab6d1ee163d01524a8f2e68.php,12
/admin/.env,85
/admin/.env.local,2
/admin/.env.production,2
/admin/.env.staging,2
/admin/.f3497d66b0bdfd82fd4ba2a423b0c3f9.php,4
/admin/.git/config,139
/admin//images/config.php,3
/admin//modules/ajax.php,3
/admin//modules/core/ajax.php,3
/admin//views/config.php,3
/admin/1.php,1
/admin/110011.php,1
/admin/111x111.php,1
/admin/123.php,1
/admin/22.php,1
/admin/3.php,1
/admin/3ali3.php,1
/admin/actuato,4
/admin/actuator,6
/admin/actuator/env,6
/admin/ajax.php,84
/admin/ajax/pages.php,1
/admin/appsettings.json,1
/admin/asign-single-student-subjects.php,1
/admin/assets/Xiii.php,13
/admin/assets/config.all.php,39
/admin/assets/js/pbxlib.js,20
/admin/assets/js/views/login.js,50
/admin/bootstrap.inc.php,13
/admin/ccc.php,1
/admin/cccc.php,1
/admin/cdr/config.all.php,39
/admin/cmd.php,1
/admin/common/config.all.php,39
/admin/config,2
/admin/config.all.php,39
/admin/config.php,5880
/admin/config/.env,2
/admin/controllers/merchant.js,2
/admin/controllers/partner.js,2
/admin/dashboard.php,2
/admin/dm-launcher.msi,2
/admin/env,6
/admin/exec/show,1
/admin/fortest.php,13
/admin/helpers/config.all.php,39
/admin/i18n/config.all.php,39
/admin/images/config.all.php,39
/admin/index.html,16
/admin/index.php,3
/admin/index/login,2
/admin/info.php,14
/admin/libraries/config.all.php,39
/admin/login,1
/admin/login.html,4
/admin/login.php,2
/admin/login/index.php,3
/admin/manage_booking.php,1
/admin/manage_user.php,1
/admin/modules/admindashboard/phpsysinfo/1.php,13
/admin/modules/admindashboard/phpsysinfo/ass.php,13
/admin/modules/admindashboard/phpsysinfo/common_admin_functions.php,13
/admin/modules/backup/page.backup.php,11
/admin/modules/config.all.php,39
/admin/modules/cxpanel/config.all.php,39
/admin/modules/framework/amp_conf/htdocs/admin/config.php,364
/admin/modules/framework/amp_conf/htdocs/admin/modules/framework/amp_conf/htdocs/admin/config.php,1
/admin/modules/fw_ari/htdocs_ari/index.php,43
/admin/modules/ucp/htdocs/config.all.php,39
/admin/modules/vmblast/config.php,1
/admin/modules/vmblast/index.php,3
/admin/modules/weatherzip/index.php,1
/admin/php_info.php,2
/admin/phpinfo.php,14
/admin/pr_monitor/getting_index_data.php,1
/admin/server_info.php,2
/admin/store.php,1
/admin/suppliers/view_details.php,1
/admin/sys_phpinfo.php,2
/admin/system/.env,2
/admin/test,1
/admin/themes/config.all.php,39
/admin/uploads.php,1
/admin/view_car.php,1
/admin/views/config.all.php,39
/admin/xml.php,13
/admin_area/phpinfo.php,2
/admin_phpinfo.php,2
/admin_ui/common/css/ns/ui.css,2
/adminconfig.all.php,39
/admincontrol/sys_phpinfo.php,2
/admincp/.env,13
/admincp/phpinfo.php,2
/adminer.php,3
/adminer/,1
/adminer/.env,8
/administrator.zip,1
/administrator/.env,6
/administrator/.git/config,5
/administrator/configuration.php,2
/administrator/index.php,2
/administrator/phpinfo.php,8
/adminphp.php,2
/adminphp.php/configuration.php,8
/admins/.env,9
/ads.txt,61
/ads/.env,10
/agSearch/SQlite/main.php,1
/agc/css/custom.css,42
/agc/ip.php,1
/agc/vicidial.php,4
/agora/.env,8
/aj.html,1
/ajax,26
/ajax-api/2.0/mlflow-artifacts/artifacts,1
/ajax-api/2.0/mlflow/experiments/create,5
/ajax-api/2.0/mlflow/model-versions/create,3
/ajax-api/2.0/mlflow/registered-models/create,3
/ajax.php,8
/ajax/api/user/save,1
/ajax/calendar.php,1
/ajax/openvpn/del_ovpncfg.php,1
/akEK,1
/alX7,1
/alerts/alertConfigField.php,1
/alerts/alertLightbox.php,1
/alive.php,270
/all/.env,1
/allversions,1
/alpha/.env,19
/amazon.php,2
/amphtml/.git/config,6
/anaconda/.env,8
/angular-cli.json,2
/angular.json,2
/aomanalyzer/.git/config,6
/apache.php,8
/apache/i.php,8
/apache/info.php,8
/apache/phpinfo.php,8
/apache2.php,8
/api,26
/api-docs,1
/api-keys.json,2
/api.php,27
/api/,1
/api/.env,246
/api/.env.local,2
/api/.env.production,2
/api/.env.staging,2
/api/.git/config,122
/api/2.0/mlflow/model-versions/create,1
/api/2.0/mlflow/registered-models/create,1
/api/2.0/mlflow/users/create,1
/api/2.0/preview/mlflow/experiments/list,1
/api/Image/withpath/C:,1
/api/_debug/_profiler/empty/search/results,4
/api/_profiler/empty/search/results,2
/api/actuato,2
/api/actuato%72,2
/api/actuator,3
/api/actuator/env,10
/api/add-article-by-text,1
/api/agent/tabs/agentData,1
/api/api.php/,1
/api/api_dev.php/_profiler/empty/search/results,2
/api/app.php/_profiler/empty/search/results,2
/api/app_dev.php/_profiler/empty/search/results,4
/api/app_test.php/_profiler/empty/search/results,2
/api/appsettings.Production.json,5
/api/appsettings.json,4
/api/auth/cognito/callback,1
/api/authentication/login,1
/api/backend_dev.php/_profiler/empty/search/results,3
/api/bootstrap/.env,2
/api/client/user/pwd_update.php,1
/api/clusters,1
/api/config.env,2
/api/config.js,8
/api/config.json,2
/api/config/.env,2
/api/config/config.yml,2
/api/content/,1
/api/cors/data:text/html,1
/api/cors/http://nextchat.cu7rlc116vc2lufefqd0pd5788wbd333h.oast.pro,1
/api/data,1
/api/debug.php/_profiler/empty/search/results,4
/api/debug/_profiler/empty/search/results,2
/api/dev.php/_profiler/empty/search/results,3
/api/dev/_profiler/empty/search/results,2
/api/documentation.json,2
/api/env,11
/api/example.env,1
/api/file/formimage,1
/api/frontend_dev.php/_profiler/empty/search/results,3
/api/gen/clients/csharp,1
/api/geojson,7
/api/get-organizations,1
/api/hassio/app/.,1
/api/hassio/app/.%2e/supervisor/info,1
/api/hassio_ingress/.,1
/api/index.php/_profiler/empty/search/results,4
/api/index.php/v1/config/application,7
/api/index_dev.php/_profiler/empty/search/results,4
/api/jmeter/download/files,1
/api/objects/codes.php.save,2
/api/phpinfo.php,6
/api/profiler/empty/search/results,2
/api/public/_profiler/empty/search/results,1
/api/pull,1
/api/push,1
/api/remotefollow,1
/api/runscript,1
/api/scrape/kube-system,1
/api/server/version,2
/api/session/properties,22
/api/setup-complete,1
/api/shared/.env,2
/api/shared/config.env,2
/api/shared/config/.env,2
/api/shared/config/config.env,4
/api/sonicos/auth,19
/api/sonicos/tfa,19
/api/source/.env,2
/api/src/.env,3
/api/storage/.env,2
/api/subscriber,1
/api/swagger.json,2
/api/swagger.yaml,2
/api/swagger.yml,2
/api/symfony/_profiler/empty/search/results,2
/api/sys/login,1
/api/sys/set_passwd,1
/api/tags,1
/api/test.php/_profiler/empty/search/results,2
/api/users,3
/api/v1,3
/api/v1/.env,4
/api/v1/.git/config,5
/api/v1/actuato/,2
/api/v1/actuator,2
/api/v1/actuator/env,9
/api/v1/cav/client/status/../../admin/options,3
/api/v1/chart/data,1
/api/v1/clusters/kubeconfig/k8s,1
/api/v1/config/application,1
/api/v1/confup,1
/api/v1/database/1,5
/api/v1/database/10,5
/api/v1/database/2,5
/api/v1/database/3,5
/api/v1/database/4,5
/api/v1/database/5,5
/api/v1/database/6,5
/api/v1/database/7,5
/api/v1/database/9,5
/api/v1/env,10
/api/v1/livechat/sms-incoming/twilio,1
/api/v1/markdown/link:metadata,1
/api/v1/pods,14
/api/v1/settings,1
/api/v1/snapshots,1
/api/v1/swagger.json,2
/api/v1/totp/user-backup-code/../../license/keys-status/,1
/api/v1/totp/user-backup-code/../../system/system-information,1
/api/v1/tunnel/tunnel,1
/api/v1/users,1
/api/v1/validate/code,1
/api/v2.0/search,1
/api/v2/.env,23
/api/v2/.git/config,5
/api/v2/actuator/env,3
/api/v2/cmdb/system/admin,1
/api/v2/cmdb/system/admin/admin,2
/api/v2/env,3
/api/v2/monitor/system/config-script/upload,1
/api/v2/monitor/system/config/backup,3
/api/v2/open/rowsInfo,1
/api/v2/parameters/core/,1
/api/v2/swagger.json,2
/api/v3/.env,1
/api/v3/user/orgs,1
/api/web/_profiler/empty/search/results,3
/api/webdav/chatgpt-next-web/backup.json,1
/api1/.env,1
/api2/.env,1
/api3/.env,1
/api_dev.php/_profiler/empty/search/results,1
/apikeys.json,2
/apis/.env,10
/apis/.env.local,2
/apis/.env.production,2
/apis/.env.staging,2
/apis/config/config.js,2
/apis/controllers/users.js,2
/apiv1/.env,1
/apiv2/.env,1
/apiv3/.env,1
/app,35
/app-ads.txt,61
/app-order-client/.env,1
/app.conf,4
/app.config,4
/app.config.json,1
/app.js,3
/app.json,4
/app.php/_profiler/empty/search/results,1
/app.py,2
/app.yaml,5
/app/.env,116
/app/.env.example,1
/app/.env.local,2
/app/.env.production,2
/app/.env.staging,2
/app/.git/config,133
/app/actuator/env,3
/app/auth/config.json,10
/app/client/.env,1
/app/code/community/Nosto/Tagging/.env,1
/app/config.js,3
/app/config/.env,48
/app/config/.git/config,44
/app/config/database.php,2
/app/config/dev/.env,1
/app/config/oauth.json,10
/app/config/parameters.yml,17
/app/config/pimcore/google-api-private-key.json,1
/app/dev/.git/config,40
/app/env,3
/app/etc/local.xml,1
/app/frontend/.env,1
/app/frontend/.git/config,43
/app/options.py,1
/app/resources/.git/config,42
/app/rest/users/id:1/tokens/2rwOEWKqAxvEU3OSJoRwZFNT9ff,1
/app/rest/users/id:1/tokens/RPC2,1
/app/secrets/oauth.yaml,10
/app/settings.py,1
/app/settings/auth.json,10
/app/sys1.php,1
/app1-static/.env,1
/app2-static/.env,1
/app_dev.php/_profiler/empty/search/results,1
/app_dev.php/_profiler/open,57
/app_dev.php/_profiler/phpinfo,53
/app_dir/.env,1
/app_nginx_static_path/.env,1
/app_test.php/_profiler/empty/search/results,1
/apple-touch-icon.png,1
/appliance/login,1
/application.ini,5
/application.properties,16
/application.yaml,1
/application.yml,12
/application/.env,55
/application/.git/config,9
/application/actuator/env,3
/application/api/.env,2
/application/bootstrap/.env,2
/application/config/.env,2
/application/config/database.php,2
/application/core/.env,2
/application/env,3
/application/server/.env,2
/application/source/.env,2
/application/src/.env,2
/application/storage/.env,2
/applications/.env,1
/apps/.env,71
/apps/client/.env,1
/apps/firstrunwizard/js/jquery.colorbox.js,1
/appsettings.Development.json,2
/appsettings.Production.json,6
/appsettings.json,9
/appsettings_live.json,1
/as/wapi/vmp,2
/asa.php,20
/asassASS.php,1
/asdf.php,8
/asispanel/,1
/aspera/faspex/,14
/aspera/faspex/package_relay/relay_package,1
/asset/.env,5
/assets../.git/config,92
/assets/.33.php,1
/assets/.asdcasdd.php,1
/assets/.env,9
/assets/.git/config,5
/assets/1.php,1
/assets/110011.php,1
/assets/111x111.php,1
/assets/123.php,20
/assets/1980.php,3
/assets/22.php,1
/assets/22919811.php,1
/assets/3.php,22
/assets/333.php,37
/assets/3ali3.php,1
/assets/Do.php,3
/assets/Xiii.php,13
/assets/aaAliaa.php,2
/assets/amazon.php,1
/assets/built%2F..%2F..%2F%E0%A4%A/package.json,1
/assets/built/../..//package.json,1
/assets/ccc.php,1
/assets/cccc.php,1
/assets/cmd.php,1
/assets/config.production.json,1
/assets/configs.json,1
/assets/credentials.json,1
/assets/env.js,5
/assets/go.php,1
/assets/google.php,1
/assets/js/conf/global_config.js,1
/assets/monitor.php,1
/assets/msn.php,1
/assets/other/service-account-credentials.json,1
/assets/php/upload.php,2
/assets/recordings/.33.php,1
/assets/recordings/.asdcasdd.php,1
/assets/recordings//google.php,1
/assets/recordings//msn.php,1
/assets/recordings//yahoo.php,1
/assets/recordings/1.php,1
/assets/recordings/110011.php,1
/assets/recordings/111x111.php,1
/assets/recordings/123.php,1
/assets/recordings/22.php,1
/assets/recordings/3.php,1
/assets/recordings/3ali3.php,1
/assets/recordings/aaAliaa.php,3
/assets/recordings/amazon.php,1
/assets/recordings/ccc.php,1
/assets/recordings/cccc.php,1
/assets/recordings/cmd.php,1
/assets/tia.php.php,1
/assets/yahoo.php,1
/astVlogger/asttecs/manager_login.php,2
/asteridex4/,4
/asteriskWS/config.all.php,39
/asyncrenderer/,1
/atmin/config.php,13
/atutor/login.php,1
/audio/.env,33
/auth.config.js,2
/auth.html,22
/auth.json,15
/auth.php,1
/auth/.env,12
/auth/.git/config,5
/auth/config.json,10
/auth/env,1
/auth/keys.ini,10
/auth/oauth_config.ini,10
/auth/provider_config.yaml,10
/auth/settings.yaml,10
/auth1.html,19
/authenticationendpoint/2rwoest1czixmmjat9uid839rxt.jsp,1
/author-sitemap.xml,1
/autodiscover/autodiscover.json,218
/automation/oauth.json,10
/aws-secret.yaml,8
/aws.env,4
/aws.json,6
/aws.yml,19
/aws/config.json,2
/aws/credentials,7
/aws/credentials.json,2
/awsconf.git/config,6
/awsconfig.json,5
/awstats/.env,9
/axis2-admin/,5
/axis2/,5
/axis2/axis2-admin/,5
/axis2/services/listServices,1
/b1zO,1
/b2b/.git/config,2
/bRr7,1
/b_download/index.html,2
/back-end/app/.env,1
/back/.env,23
/backend/.env,97
/backend/.env.example,1
/backend/.env.local,2
/backend/.env.production,2
/backend/.env.staging,2
/backend/.git/config,9
/backend/actuator/env,3
/backend/app/.env,1
/backend/backend/auth/signin,1
/backend/config/.env,2
/backend/config/default.yml,2
/backend/config/development.yml,2
/backend/config/settings.yml,2
/backend/env,3
/backend/phpinfo.php,2
/backend/settings/oauth_adfs,1
/backend/src/.env,12
/backend/web/phpinfo.php,2
/backend_dev.php/_profiler/empty/search/results,1
/backendfinaltest/.env,1
/backup.7z,1
/backup.bak,1
/backup.env,8
/backup.gz,1
/backup.rar,1
/backup.sql,2
/backup.tar,1
/backup.tar.gz,1
/backup.zip,2
/backup/.env,35
/backup/.env.local,2
/backup/.env.production,2
/backup/.env.staging,2
/backup/.git/config,125
/backup/config,1
/backup1/.env,8
/backupsettings.dat,1
/bahislion-casino-oyunlari-rehberi/,3
/banker/index.php,1
/base/.env,29
/baseDstu2/metadata,3
/baseDstu3/metadata,3
/baseProj/images/favicon.ico,2
/baseR2/metadata,2
/baseR3/metadata,2
/baseR4/metadata,3
/baseR5/metadata,4
/base_dir/.env,4
/basic-network/.env,11
/beta/.env,19
/beta/.env.local,2
/beta/.env.production,2
/beta/.env.staging,2
/beta/.git/config,6
/bgoldd/.env,5
/bin.7z,1
/bin.gz,1
/bin.rar,1
/bin.tar,1
/bin.tar.gz,1
/bin.zip,1
/bin/.devenv,1
/bin/.git/config,5
/bin/bin.7z,1
/bin/bin.gz,1
/bin/bin.rar,1
/bin/bin.tar,1
/bin/bin.tar.gz,1
/bin/bin.zip,1
/bin/config.all.php,39
/bin/configurations/parsers/Checkpoint/CHECKPOINT.php,1
/bin/cron.php,1
/bin/deletespace/Sandbox/,1
/bin/get/FlamingoThemes/Cerulean,1
/bin/get/Main/SolrSearch,6
/bin/get/XWiki/SuggestSolrService,1
/bin/login/XWikiLogin,1
/bin/register/XWiki/XWikiRegister,2
/bin/view/,1
/bin/view/Main/,1
/bitrix/php_interface/dbconn.php,2
/blankon/.env,7
/blob/.env,7
/blog/.env,22
/blog/.git/config,8
/blog/wp-content/themes/.git/config,6
/blogs/.env,24
/blue/.env,7
/booking.php,1
/boot/.env,10
/bootstrap.yml,4
/bootstrap/.env,7
/bot/.env,12
/bower_components/angular-base64-upload/demo/server.php,1
/bsh.servlet.BshServlet,1
/bu/.env,7
/bucoffea/.env,7
/build.php,8
/build/.env,104
/build/.git/config,43
/build/actuator/env,1
/build/env,1
/build_tool/.git/config,40
/business-directory/,1
/bypass/config,1
/cHaP,1
/cache.php,8
/cache/.env,5
/cache/.git/config,5
/cache/config.json,2
/cache/index.tpl.php,1
/card_scan.php,1
/cardea/backend/.env,7
/cbitgpt,1
/ccc.php,1
/cccc.php,1
/ccms/dashboard.php,1
/ccms/index.php,1
/cdn-cgi/trace/cdn-cgi/trace,16
/cdw-backend/.env,7
/cf_scripts/scripts/ajax/ckeditor/ckeditor.js,23
/cf_scripts/scripts/ajax/ckeditor/plugins/filemanager/iedit.cfc,1
/cfg/.env,7
/cgi-bin/../../../../../../../../../../bin/sh,673
/cgi-bin/../../../../../../../../../etc/hosts,7
/cgi-bin/.env,27
/cgi-bin/.git/config,5
/cgi-bin/ExportLogs.sh,2
/cgi-bin/account_mgr.cgi,5
/cgi-bin/admin.cgi,2
/cgi-bin/authLogin.cgi,17
/cgi-bin/config.exp,17
/cgi-bin/cstecgi.cgi,3
/cgi-bin/db_eventlog_w.cgi,1
/cgi-bin/downloadFlile.cgi,1
/cgi-bin/fax_change_faxtrace_settings,11
/cgi-bin/info.cgi,1
/cgi-bin/login.cgi,21
/cgi-bin/luci,2
/cgi-bin/luci/,140
/cgi-bin/luci/admin,2
/cgi-bin/mesh.cgi,1
/cgi-bin/nas_sharing.cgi,1
/cgi-bin/nightled.cgi,1
/cgi-bin/popen.cgi,2
/cgi-bin/quick/4jhUcv,1
/cgi-bin/quick/quick.cgi,1
/cgi-bin/rpc,1
/cgi-bin/touchlist_sync.cgi,1
/cgi-bin/userLogin,3
/cgi-bin/vitogate.cgi,3
/cgi-bin/welcome,11
/cgi/get_param.cgi,1
/cgi/login,48
/chai/.env,5
/challenge/.env,7
/challenges/.env,7
/channel/get,1
/chaosblade,1
/chat-client/.env,7
/check,3
/chiminey/.env,7
/ci/.env,7
/ci/.git/config,45
/ci/cd/.git/config,47
/cisco/config.all.php,39
/classes/.env,5
/classes/Login.php,2
/classes/Master.php,3
/classes/common/busiFacade.php,3
/classes/config.all.php,39
/cli/.env,7
/client-app/.env,1
/client/.env,36
/client/.env.local,2
/client/.env.production,2
/client/.env.staging,2
/client/.git/config,51
/client/api,1
/client/index.php,1
/client/mutual-fund-app/.env,1
/client/src/.env,7
/client_secrets.json,35
/clientapp/.env,1
/clients/MyCRL,4
/clld_dir/.env,7
/cloud-config.yml,1
/cloud-functions/config.json,2
/cloud/.env,7
/cloud/.git/config,5
/cloud/Scraper.js,2
/cloud/settings.yaml,10
/club/.env,10
"/cmd,/simZysh/register_main/setCookie",1
/cmd.php,1
/cmdownloads/,1
/cmisatom/cmis-online/query,1
/cms/.env,27
/cms/.env.prod,21
/cms/.env.production,20
/cms/.git/config,123
/cms/admin/group/all,1
/cms/phpinfo.php,2
/coda/frameset,1
/code/api/.env,1
/code/web/.env,7
/common/.git/config,6
/common/down/file,1
/common/jhhmh.txt,1
/common/znvox.txt,1
/community/.env,8
/community/main-forum/,1
/component_server,1
/components/.env,4
/components/.git/config,5
/components/config.all.php,39
/composer.json,2
/conf.d/oauth.conf,10
/conf.json,6
/conf/.env,28
/conf/config.ini,6
/conf_mail.php,1
/config,1
/config.all.php,39
/config.dev.js,2
/config.dev.json,1
/config.env,10
/config.inc.php,5
/config.ini,10
/config.ini.bak,6
/config.js,33
/config.json,205
/config.local.json,1
/config.php,232
/config.php.bak,7
/config.prod.json,1
/config.production.json,1
/config.rb,1
/config.xml,10
/config.yaml,1
/config.yml,13
/config/.env,150
/config/.git/config,129
/config/actuato,3
/config/actuator,5
/config/actuator/env,4
/config/api.json,10
/config/app_config.yaml,10
/config/application.yml,4
/config/auth.yaml,10
/config/auth_override.json,10
/config/aws.json,10
/config/aws.yml,28
/config/azure_auth.yaml,10
/config/base.json,10
/config/cache.php,14
/config/client_oauth.json,10
/config/config.all.php,39
/config/config.ini,3
/config/config.js,5
/config/config.json,16
/config/config.php,2
/config/constants.js/index.php/phpinfo,1
/config/credentials.yml,10
/config/database.yml,10
/config/db.json,10
/config/default.json,6
/config/dev.env,1
/config/dev_config.ini,10
/config/development.json,10
/config/env,3
/config/environment.rb,3
/config/external_auth.json,10
/config/facebook_oauth.json,10
/config/gcp_oauth.json,10
/config/getuser,6
/config/github.yaml,10
/config/google.json,10
/config/initializers/oauth.rb,10
/config/integration.json,10
/config/keys.yaml,10
/config/local.yaml,10
/config/local.yml,2
/config/microsoft.json,10
/config/oauth.json,10
/config/okta_oauth.yaml,10
/config/parameters.yml,8
/config/production.json,12
/config/secrets.json,2
/config/secrets.yml,23
/config/security.ini,10
/config/server_auth.yaml,10
/config/service_auth.json,10
/config/settings.json,12
/config/settings.local,2
/config/settings.php,2
/config/settings.prod,2
/config/staging.env,1
/config/staging.yaml,10
/config/storage.yml,3
/config/twitter_auth.yaml,10
/configWizard/keyUpload.jsp,1
/config_files/.git/config,39
/configs.json,1
/configs/config.all.php,39
/configs/routes-4aug.js,2
/configs/routes.js,2
/configs/s3_config.json,2
/configuration.json,1
/configuration.php,4
/configuration.php-dist,1
/configuration.yaml,6
/configuration/.env,95
/configurations/.env,16
/configurations/env/mailer.env,1
/configure.php.bak,6
/confluence/pages/createpage-entervariables.action,16
/connectionstrings.json,6
/connectionstrings.xml,6
/connector.sds,7
/console,21
/console/,5
/console/.env,9
/console/.git/config,5
/contact/,1
/contact/.env,7
/containers/json,6
/content../.git/config,7
/content/.env,18
/controller/admin/post.js,2
/controller/api/post.js,2
/controller/ping.php,1
/controllers/.env,4
/controllers/config.all.php,39
/controllers/settings.js,2
/controlloLogin.js,1
/core/.env,180
/core/.env.prod,4
/core/.env.production,4
/core/.git/config,134
/core/app/.env,4
/core/app/.git/config,5
/core/config/.git/config,44
/core/database/.env,11
/core/install.php,3
/core/js/apps.js,1
/core/js/backgroundjobs.js,1
/core/js/browser-update.js,1
/core/js/eventsource.js,1
/core/js/files/fileinfo.js,1
/core/js/jquery.avatar.js,2
/core/js/login.js,1
/core/js/mimetypelist.js,1
/core/js/sharedialoglinklistview.js,1
/corporate/sslvpnuserportal/login.jsp,2
/counterwallet/.env,4
/cp/.env,45
/cp/phpinfo.php,2
/cpanel.php,1
/cpresources/.env,11
/creaprezzi.php,1
/credentials,19
/credentials.cfg,2
/credentials.env,2
/credentials.hjson,2
/credentials.json,1
/credentials.xml,2
/credentials/config.json,6
/crm/.env,57
/crm/.env.local,2
/crm/.env.production,8
/crm/.env.staging,2
/crm/.git/config,2
/cron/.env,7
/cron/.env.local,2
/cron/.env.production,2
/cron/.env.staging,2
/cronlab/.env,4
/cslu/v1/scheduler/jobs,2
/cslu/v1/var/logs/customer-cslu-lib-log.log,2
/csrf,1
/css../.git/config,5
/css/.env,8
/css/.git/config,5
/css/config.all.php,39
/css/images/PTZOptics_powerby.png,21
/current/.env,2
/current/.env.local,2
/current/.env.production,2
/current/.env.staging,2
/customer/.git/config,5
/d8Rn,1
/dFKfRU,1
/dana-cached/hc/HostCheckerInstaller.osx,17
/dana-na/auth/saml-sso.cgi,1
/dana-na/auth/url_default/welcome.cgi,12
/dana-na/nc/nc_gina_ver.txt,17
/dana-ws/saml20.ws,1
/dashboard/.env,16
/dashboard/.git/config,47
/dashboard/actuator/env,1
/dashboard/i.php,8
/dashboard/info.php,14
/dashboard/phpinfo.php,20
/dashboard/test.php,8
/data.7z,1
/data.bak,1
/data.gz,1
/data.rar,1
/data.sql,1
/data.tar,1
/data.tar.gz,1
/data.zip,1
/data/.env,22
/data/.git/config,134
/data/config/.git/config,42
/data/model/custom_model_path/recruit.filelist.txt,1
/data/private/.git/config,35
/data/processing/.git/config,43
/data/staging/.git/config,47
/dataSetParam/verification,1
/database-config.json,7
/database.bak,1
/database.cfg,6
/database.json,2
/database.php,8
/database.sql,1
/database.yml,2
/database.zip,1
/database/.env,27
/database/.git/config,6
/db.bak,1
/db.config,2
/db.ini,2
/db.json,9
/db.php,2
/db.sql,1
/db.yaml,2
/db.yml,2
/db/auth_config.json,10
/db/robomongo.json,7
/db/settings.ini,10
/db_backup.bak,1
/db_backup.sql,1
/dbadmin/,1
/dbconfig.php,2
/dbdump.bak,1
/dbdump.sql,1
/de2api/engine/getEngine,1
/debug,2
/debug.log,2
/debug.php,4
/debug.php/_profiler/empty/search/results,1
/debug/_profiler/empty/search/results,1
/debug/config.yml,2
/debug/default,6
/debug/default/view,141
/debug/default/view.html,35
/debug/info.php,2
/debug/phpinfo.php,2
/debugbar,2
/default.aspx,2
/default/.env,9
/delivery/.env,9
/delsnap.pl,1
/demo-app/.env,1
/demo.env,1
/demo/.env,55
/demo/.env.local,2
/demo/.env.production,2
/demo/.env.staging,2
/demo/.git/config,6
/demos/.env,1
/dep.php,8
/dependencies/.env,12
/deploy.config.js,2
/deploy.env,5
/deploy.php,14
/deploy/.env,9
/deploy/.git/config,46
/deploy/config.json,2
/deployment-config.json,5
/deployment/.env,9
/deployment/config.yml,2
"/desktop,/cgi-bin/remote_help-cgi/favicon.ico",1
/dev.config.js,2
/dev.env,1
/dev.php,8
/dev.php/_profiler/empty/search/results,1
/dev/.env,52
/dev/.env.local,2
/dev/.env.production,2
/dev/.env.staging,2
/dev/.git/config,130
/dev/_profiler/empty/search/results,1
/dev/actuator/env,1
/dev/backup/.git/config,36
/dev/env,1
/dev/phpinfo.php,2
/develop/.env,2
/develop/.env.local,2
/develop/.env.production,2
/develop/.env.staging,2
/develop/info.php,6
/developer.php,8
/developer/.env,13
/developer/.git/config,6
/developerslv/.env,9
/development.config.js,2
/development.ini,6
/development/.env,24
/development/.env.local,2
/development/.env.production,2
/development/.env.staging,2
/development/phpinfo.php,2
/device,1
/device/config,2
/devops/.git/config,40
/devs.php,8
/dfsms/add-category.php,1
/dfsms/index.php,1
/digium_phones/ajax.php,10
/digium_phones/config.all.php,39
/digium_phones/emo.php,3
/digium_phones/phpversions.php,13
/digium_phones/test.php,3
/digiums/some.php,3
/directories/.env,9
/dispatch.php,13
/div/.env,8
/django.env,1
/django/.env,12
/django/settings.py,1
/dlV6,1
/dns-query,254
/doc/.env,20
/doc/index.html,17
/docker-compose.dev.yml,3
/docker-compose.override.yml,3
/docker-compose.prod.yml,78
/docker-compose.production.yml,1
/docker-compose.staging.yml,1
/docker-compose.yaml,2
/docker-compose.yml,9
/docker.env,1
/docker/.env,43
/docker/.git/config,45
/docker/app/.env,1
/docs/.env,24
/docs/.git/config,5
/dologin.action,11
/dot.git/config,6
/dotfiles/.env,4
/download/../../../../../etc/passwd,2
/download/.env,24
/download/.git/config,5
/download/file.ext,21
/downloader.php,1
/downloads/.env,13
/drag/onlDragDatasetHead/getTotalData,1
/druid/indexer/v1/sampler,1
/drupal/.env,6
/drupal/.git/config,5
/drupal/modules/.git/config,5
/drupal/phpinfo.php,2
/drupal/themes/.git/config,5
/dslvl.php,13
/dump.bak,1
/dump.sql,2
/dview8/api/usersByLevel,1
/e1Ow,1
/ecp/Current/exporttool/microsoft.exchange.ediscovery.exporttool.application,151
/editor.php,1
/editor_tools/module,1
/elastixConnection/config.all.php,39
/elfinder/php/connector.minimal.php,1
/emad.php,13
/emap/devicePoint_addImgIco,1
/embed.js,1
/ems/cgi-bin/ezrf_upgrade_images.cgi,1
/en,4
/en/.env,15
/engine/.env,7
/env,21
/env.,5
/env.backup,2
/env.dev,1
/env.dev.js,3
/env.development.js,3
/env.example,2
/env.js,11
/env.json,7
/env.local,1
/env.prod.js,3
/env.production.js,3
/env.save,4
/env.template,8
/env.test.js,3
/env.txt,16
/env/.dev.env,1
/env/.env,40
/env/.env.dev,1
/env/mailer.env,1
/env_file_example.env,4
/env_variables.env,11
/enviroments/.env,16
/enviroments/.env.production,14
/environ.env,1
/environment,4
/environment.conf,2
/environment.ts/src/config.js,1
/environments/dev/config.yaml,10
/environments/local/.env,8
/environments/prod/settings.json,10
/environments/production/.env,7
/error/.env,8
/etc/.env,12
/etc/.git/config,5
/etc/app/config.ini,10
/etc/auth/secrets.yaml,10
/etc/hosts,1
/etc/oauth/config.json,10
/etc/passwd,1
/events../.git/config,5
/evox/about,3
/ews,4
/example.env,1
/example/.env,1
/example/example.env,1
/examples/.env,4
/exapi/.env,10
/explore/projects,1
/export/classroom-course-statistics,1
/ext-js/app/common/zld_product_spec.js,19
/extension/.env,11
/f8nP,1
/fX8f,1
/falx.php,13
/fastlane/.env,3
/favicon-32x32.png,18
/favicon.ico,4016
/favicon/favicon.ico,4
/favs/.env,5
/fdd/..,2
/fedex/.env,21
/feed/,1
/fhir-api/.env,1
/fhir-server/api/v4/metadata,5
/fhir/metadata,3
/file,10
/file-manager/,1
/file-manager/backend/makefile,1
/file-manager/backend/permissions,1
/file-manager/backend/text,1
/file/actuator/env,4
/file/env,4
/files/.env,4
/files/.git/config,130
/files/bp.dat,5
/fileserver/.env,2
/fileupload/toolsAny,1
/fileweb/.env,5
/filex/read-raw,2
/firefly-iii.env,1
/flash/addcrypted2,3
/flask/.env,2
/fleshrock.com/api/.env,1
/flock/.git/config,6
/forms/doLogin,1
/forum/.git/config,5
/fpT3,1
/fpbx/recordings/index.php,1
/framework/.env,5
/framework/config.all.php,39
/freepbx/recordings/index.php,1
/freeppx/.php,3
/freeppx/config.php,3
/freeppx/emo.php,9
/freeppx/fx29.php,3
/freeppx/index.php,3
/freeppx/test.php,3
/freeppx/xnxx.php,3
/friends/ajax_invitej7hrg,1
/front-app/.env,1
/frontend/.env,4
/frontend/.git/config,7
/frontend/web/debug/default/view,53
/frontend_dev.php/$,10
/frontend_dev.php/_profiler/empty/search/results,1
/frontendfinaltest/.env,1
/ftp/.env,1
/fuel/application/config/database.php,2
/function/.env,4
/functions/.env,10
/functions/config.json,2
/functions/scripts/find_full_subnets.php,1
/furniture/catalog/all-products,1
/fw.login.php,1
/fyL1,1
/g8pM,1
/gEz6,1
/gP8m,1
/gate,6
/gate/actuator,1
/gate/actuator/env,3
/gate/env,3
/gateway,6
/gateway/actuato,2
/gateway/actuator,4
/gateway/actuator/env,8
/gateway/env,7
/gatsby-config.js,2
/gcloud/configuration.yaml,2
/geoserver,7
/geoserver/ows,1
/geoserver/topp/wfs,1
/geoserver/web,2
/geoserver/web/,429
/geoserver/web/wicket/bookmarkable/org.geoserver.web.AboutGeoServerPage,1
/geoserver/web/wicket/bookmarkable/org.geoserver.web.demo.MapPreviewPage,1
/geoserver/wfs,5
/geoserver/wms,2
/getCorsFile,1
/getcfg.php,15
/getcpuutil.php-bakworking,2
/getsamplebacklog,1
/gists/cache,3
/git/.git/config,6
/gitlab-ci.yml,1
/global-protect/login.esp,51
/global-protect/portal/images/2rwOEQ1Owb6QlkVyQnWt7zR2fP8.txt,2
/global-protect/prelogin.esp,14
/goanywhere/images/..,1
/goanywhere/lic/accept,1
/goform/aspForm,1
/goform/downloadSyslog/syslog.log,1
/google-api-private-key.json,1
/google.php,2
/grafana/.env,4
/graph.php,26
/graph_view.php,1
/graphql,1
/gremlin,1
/grems-api/.env,1
/guacamole,11
/guest_auth/guestIsUp.php,1
/guestaccess.aspx,1
/gwtest/formssso,1
/h3Hy,1
/h5/,2
/h9Cx,1
/hash/.env,5
/hasura/.env,5
/hax/..CFIDE/adminapi/_servermanager/servermanager.cfc,1
/hax/..CFIDE/adminapi/administrator.cfc,1
/hax/..CFIDE/wizards/common/utils.cfc,1
/health/actuator/env,1
/health/env,1
/heapdump,5
/hello.world,2
/help/.git/config,5
/help/config.all.php,39
/helpdesk/WebObjects/Helpdesk.woa,16
/helpdesk/WebObjects/Helpdesk.woa/ra/OrionTickets/,1
/helper.js,2
/helper/EmailHelper.js,2
/helper/notification,9
/helpers/utility.js,10
/hiAJ,1
/hms/admin/,1
/hms/doctor/,1
/hms/user-login.php,1
/home,1
/home/,1
/home/.env,6
/home/.git/config,8
/home/chkqk.php,1
/home/get_products,1
/home/user/.env,2
/horde/.env,3
/hoteldruid/inizio.php,1
/hotpot-app-frontend/.env,1
/hss/,1
/htdocs/.env,5
/html,1
/html.7z,1
/html.gz,1
/html.rar,1
/html.tar,1
/html.tar.gz,1
/html.zip,1
/html/.env,24
/html/.git/config,5
/html/ad/adfilestorage/request/checkAcesso.php,1
/html/ad/adpesquisasql/request/processVariavel.php,1
/html/phpinfo.php,6
/html/recordings/index.php,1
/html/usr/share/doc/hostname/copyright,1
/http/.env,2
/httpd.conf,3
/httpdocs/.env,4
/hudson/script,1
/human.aspx,1
/i.php,11
/i3geo/exemplos/codemirror.php,1
/i3lT,1
/iNq4,1
/icon.png,1
/icon/.env,1
/icons/.env,1
/identity,18
/idx_config/,5
/ikiwiki/.env,6
/ilias/shib_logout.php,1
/images../.git/config,7
/images/.env,14
/images/.git/config,46
/images/config.all.php,39
/images/oBo.php,3
/img../.git/config,5
/img/.env,4
/img/.git/config,5
/import/.env,9
/importexport.php,1
/in.php,8
/inc/.env,28
/inc/jquery/uploadify/uploadify.php,1
/include/.env,13
/include/config.all.php,39
/include/dialog/select_templets.php,1
/include/file.php,1
/includes/.env,9
/includes/.git/config,5
/includes/config.php,2
/includes/settings.php,2
/index.asp,3
/index.cfm/_api/json/v1/default/,1
/index.hsp,3
/index.html,22
/index.js,3
/index.jsp,17
/index.php,47
/index.php/Pan/ShareUrl/downloadSharedFile,1
/index.php/User/doLogin,1
/index.php/_profiler/empty/search/results,1
/index.php/display/status_zigbee,2
/index.php/management/set_timezone,1
/index.php/user/,1
/index.php/video/,1
/index/CheckCert/checkCert,2
/index1.php,8
/index_dev.php/_profiler/empty/search/results,1
/inf.php,8
/inf/,5
/info,7
/info.php,72
/info/,42
/info/.env,5
/info/phpinfo,2
/info/phpinfo.php,2
/info1.php,8
/info2.php,8
/info3.php,8
/info4.php,8
/info_php.php,2
/infophp.php,42
/information.php,1
/infos.php,29
/infos/,28
/infra.env,1
/infra/.git/config,39
/infra/infra.env,1
/ini.php,8
/inizio.php,1
/insecure.php,2
/install/.env,9
/install/index.php,1
/installable.env,1
/integration/.git/config,34
/interface/forms/eye_mag/js/eye_base.php,1
/internal/.git/config,5
/internal_forms_authentication,16
/interview,1
/intimate/status/ajax.jsp,3
/invoker/EJBInvokerServlet/,2
/invoker/JMXInvokerServlet/,2
/invoker/readonly,2
/isadmin.php,8
/issabel_warning_authentication.php,6
/item/list,1
/items/.env,5
/jMSS,1
/jQ2o,1
/jVGU,1
/j_spring_security_check,3
/jasperserver-pro/login.html,5
/jasperserver/login.html,5
/javadoc/releases/javadoc/1.0.0//raw/..,1
/javascript/.env,10
/javascripts/application.js,2
/javascripts/jquery-1.11.1-ui-1.11.0-ujs-3.1.4.js,2
/jeecg-boot/drag/onlDragDatasetHead/getTotalData,1
/jeecg-boot/jmreport/queryFieldBySql,1
/jeecg-boot/jmreport/qurestSql,1
/jeecg-boot/jmreport/show,1
/jeecg-boot/sys,1
/jeecg-boot/sys/dict/loadTreeData,2
/jmx-console,2
/jo.php,8
/job/list,1
/joomla/configuration.php-dist,2
/joomla/phpinfo.php,2
/js../.git/config,7
/js/.env,4
/js/.git/config,11
/js/NewWindow_2_all.js,25
/js/app.js,7
/js/config.all.php,39
/js/config.js,3
/js/filemanager/api/index.php,1
/js/jquery_file_upload/server/php/,1
/json/login_session,4
/json/setup-restore.action,1
/jsp/help-sb-download.jsp,2
/jsps/genrequest.jsp,1
/jsps/helprequest.jsp,1
/jsrelay/.env,6
/k12/config.all.php,39
/k8s/config.yml,2
/k9hQ,1
/kBBn,1
/kDBl,1
/kWOK,1
/karma.conf.json,2
/keepalive.php,1
/keys.conf,2
/keys.json,2
/keys.yml,2
/kfm/index.php/,1
/kibana/.env,6
/kqO1,1
/kube/config,2
/kubepi/api/v1/systems/login/logs/search,1
/kubepi/api/v1/users,1
/kubernetes/config,2
/kyc/.env,8
/kyc/.env.local,2
/kyc/.env.production,2
/kyc/.env.staging,2
/l.php,6
/lBzez/CVE-2023-47246.txt,1
/lHTT,1
/lLXL,1
/lab/.env,5
/lambda/config.json,2
/lang/config.all.php,39
/laravel-5.1/.env,1
/laravel/.env,69
/laravel/.env.example,2
/laravel/.env.local,2
/laravel/.env.prod,4
/laravel/.env.production,6
/laravel/.env.staging,2
/laravel/.git/config,8
/laravel/bootstrap/.env,2
/laravel/bootstrap/cache/.env,2
/laravel/config/.env,2
/laravel/config/.env.example,2
/laravel/core/.env,12
/laravel/core/.env.local,2
/laravel/core/.env.production,2
/laravel/core/.env.staging,2
/laravel/phpinfo.php,2
/laravel/public/.env,12
/laravel/storage/.env,2
/laravel/vendor/phpunit/phpunit/src/Util/PHP/eval-stdin.php,1
/laravel52/vendor/phpunit/phpunit/src/Util/PHP/eval-stdin.php,1
/latest/.env,1
/layout/.env,4
/layouts/.env,6
/leafer-app/.env,1
/legacy/.git/config,8
/level/15/exec/-/sh/run/CR,3
/lgaetz.php,4
/lib../.git/config,7
/lib/.env,25
/lib/.git/config,41
/lib/editor/tiny/loader.php,1
/lib/js/.git/config,38
/lib/python/.git/config,39
/lib/vendor/phpunit/phpunit/src/Util/PHP/eval-stdin.php,1
/lib64/.env,4
/libraries/.env,1
/libraries/.git/config,8
/library/.env,52
/libs/.env,6
/libs/bower/bower_components/yui2/sandbox/treeview/newnode.php,1
/libs/bower/bower_components/yui2/sandbox/treeview/newnode2.php,1
/libs/bower/bower_components/yui2/sandbox/treeview/overflow.php,1
/libs/bower/bower_components/yui2/sandbox/treeview/removeall.php,1
/libs/bower/bower_components/yui2/sandbox/treeview/removechildren.php,1
/libs/bower/bower_components/yui2/sandbox/treeview/renderhidden.php,1
/libs/bower/bower_components/yui2/sandbox/treeview/sam.php,1
/libs/bower/bower_components/yui2/sandbox/treeview/up.php,1
/libs/config.all.php,39
/libs/js/base.js,193
/libs/js/iframe.js,64
/libs/libs/bower/bower_components/yui2/sandbox/treeview/readd.php,1
/license.txt,18
/lindex.php,8
/linusadmin-phpinfo.php,16
/linux/.env,2
/live/.env,2
/live/.env.local,2
/live/.env.production,2
/live/.env.staging,2
/live/.git/config,6
/live_check.shtml,1
/live_env,12
/lkU0,1
/ll9K,1
/loadfile.lp,1
/local.env,3
/local/.env,55
/local/.env.prod,4
/local/.env.production,4
/local_settings.py,2
/localhost.bak,1
/localhost.sql,1
/localhost/.env,9
/locally/.env,7
/log/.env,5
/log_proxy,1
/loganalyzer/asktheoracle.php,1
/logging/.env,16
/login,233
/login.action,10
/login.do,15
/login.html,5
/login.jsp,13
/login.php,7
/login.rst,4
/login.shtml,1
/login.zul,1
/login/,2
/login/.env,10
/login/.git/config,8
/login/index.php,3
/logon.env,2
/logon.htm,18
/logon.shtml,1
/logon/LogonPoint/custom.html,1
/logon/LogonPoint/index.html,2
/logout,1
/logs/archived/.git/config,39
/logs/current/.git/config,42
/logs/downloadMainLog,2
/logs/error.php,1
/logs/temp/.git/config,38
/lwa/Webpages/LwaClient.aspx,1
/m/.env,2
/m/.git/config,6
/m/index.php,3
/m8aW,1
/mMVL,1
/mPSL,1
/mPlayer,21
/magento/.git/config,8
/magnito.php,4
/mail/.env,3
/mail/.git/config,8
/mail/config.all.php,39
/mailchimp/.env,1
/mailer.env,1
/mailer/.env,9
/mailinspector/login.php,1
/mailman/listinfo/mailman,1
/main.js,1
/main.php,48
/main.php.1,13
/main.php.2,13
/main.yml,8
/main/.env,10
/main/.git/config,8
/main/inc/lib/javascript/bigupload/files/0hCy1wsMBf.txt,1
/main/inc/lib/javascript/bigupload/inc/bigUpload.php,1
/main/webservices/additional_webservices.php,3
/maint/config.all.php,39
/maintenance/.git/config,8
/manage.py,1
/manage/account/login,15
/management,5
/management/export.php,1
/manager/actuator/env,3
/manager/env,3
/manager/html,5
/manager/html/nonexist-123,3
/manifest.json,2
/manual/.env,1
/market/.env,2
/market/.env.local,2
/market/.env.production,2
/market/.env.staging,2
/marketing/.env,2
/marketing/.env.local,2
/marketing/.env.production,2
/marketing/.env.staging,2
/master/.env,1
/matomo/.travis.yml,1
/mcc/mcms/secure/Setup.jsp,4
/mcc/services/MMSAuthenticationService/authenticate,4
/media../.git/config,136
/media/.env,22
/media/.git/config,131
/meetme/config.all.php,39
/member/.env,1
/member/.git/config,8
/menu/stapp,2
/message-api/actuator/env,2
/metadata,5
/mgmt/shared/authn/login,2
/mgmt/shared/iapp/rpm-spec-creator,1
/mgmt/tm/util/bash,20
/micro-app-react-communication/.env,1
/micro-app-react/.env,1
/microservices/oauth/config.json,10
/migrations/.git/config,8
/mims/updatecustomer.php,1
/minio/bootstrap/v1/verify,1
/misc/.env,18
/misc/.git/config,8
/mobile/.git/config,8
/mobile/plugin/browser.jsp,1
/mobrise/config.all.php,39
/mod/lti/auth.php,1
/model-versions/get-artifact,1
/model/.env,5
/models,1
/models/.env,5
/mods/.env,1
/module/,1
/module/.env,6
/module/api.php,1
/modules/.env,1
/modules/.git/config,48
/modules/_issabelutils/themes/default/,16
/modules/api/.git/config,40
/modules/asterisk_cli/help/en.hlp,2
/modules/auth/.git/config,40
/modules/config.all.php,39
/modules/db/.git/config,46
/modules/fieldpopupnewsletter/ajax.php,1
/modules/leocustomajax/leoajax.php,1
/modules/miniform/ajax_delete_message.php,1
/modules/ndk_steppingpack/search-result.php,1
/modules/thumb/thumb.php,1
/modules/utils/.git/config,36
/monerod/.env,5
/moo5x.php,2
/moveitisapi/moveitisapi.dll,2
/msks/.env,5
/msmq/private$/citrixsmaudeventdata,4
/msn.php,2
/music/.env,5
/my.policy,4
/my_env/chakaash.py,2
/my_env/newsletter.py,2
/my_env/palash.py,2
/myadmin/,1
/myadmin/scripts/setup.php,2
/mysql-admin/,1
/mysql.bak,1
/mysql.php,1
/mysql.sql,2
/mysql/,1
/mysqladmin/,1
/mysqladmin/scripts/setup.php,2
/mysqldump.bak,1
/mysqldump.sql,2
/mysqlmanager/,1
/mytest/astech_robot.js,2
/nagiosxi/index.php/admin/banner_message-ajaxhelper.php,1
/nagiosxi/login.php,4
/name/.env,5
/navigate/login.php,1
/navpage.do,1
/network_test.php,1
/new-js/.env,4
/new.env,1
/new.php,8
/new/.env,48
/new/.env.local,2
/new/.env.production,2
/new/.env.staging,2
/new/.git/config,6
/news-app/.env,1
/newsite/.env,20
/next.config.js,2
/next/.env,2
/nf/auth/startwebview.do,2
/nginx/.env,9
/nice,4
/nmaplowercheck1727266310,1
/nmaplowercheck1727600294,1
/nmaplowercheck1727694893,1
/nmaplowercheck1727951904,1
/nmaplowercheck1736506788,1
/nmaplowercheck1744438120,1
/nmaplowercheck1744550936,1
/nn3M,1
/noVNC/.env,4
/node_modules/.env,9
/node_modules/.git/config,8
/node_modules/angular-base64-upload/demo/server.php,1
/nodes,1
/nonauth/addCertException.cs,1
/nonauth/expiration.cs,1
/nonauth/guestConfirm.cs,2
/novnc/.env,6
/npm-debug.log,2
/npm-pwg/..,1
/nuxt.config.js,2
/nuxt/.env,2
/nwebmail/config.all.php,39
/o.php,6
/oBo.php,3
/oauth.json,2
/oauth/actuator/env,3
/oauth/env,3
/oauth/idp/.well-known/openid-configuration,11
/oauth/idp/logout,75
/oauth/token,12
/oauth2.json,2
/oauth2/actuator/env,3
/objects/functiongetOpenGraph.php,1
/ocp.php,8
/odeme/odeme.php,1
/odinhttpcall1721818320,1
/odinhttpcall1722186133,1
/odinhttpcall1722186622,1
/odinhttpcall1722663260,1
/odinhttpcall1722663331,1
/odinhttpcall1723370167,1
/odinhttpcall1723599907,1
/odinhttpcall1723602388,1
/odinhttpcall1723691468,1
/odinhttpcall1723692252,1
/odinhttpcall1724183337,1
/odinhttpcall1724296984,1
/odinhttpcall1724300745,1
/odinhttpcall1724814145,1
/odinhttpcall1724815925,1
/odinhttpcall1725142986,1
/odinhttpcall1725150500,1
/odinhttpcall1725201970,1
/odinhttpcall1725206131,1
/odinhttpcall1725945712,1
/odinhttpcall1725946613,1
/odinhttpcall1726106008,1
/odinhttpcall1726107363,1
/odinhttpcall1727122716,1
/odinhttpcall1727431572,1
/odinhttpcall1728157914,1
/odinhttpcall1730527369,1
/odinhttpcall1731766157,1
/odinhttpcall1731811104,1
/odinhttpcall1731947520,1
/odinhttpcall1732462699,1
/odinhttpcall1732691393,1
/odinhttpcall1732695407,1
/odinhttpcall1732705999,1
/odinhttpcall1732708962,1
/odinhttpcall1733366783,1
/odinhttpcall1733981570,1
/odinhttpcall1734340002,1
/odinhttpcall1734604051,1
/odinhttpcall1735264991,1
/odinhttpcall1735496444,1
/odinhttpcall1736398788,1
/odinhttpcall1736399543,1
/odinhttpcall1736432310,1
/odinhttpcall1737114267,1
/odinhttpcall1737213309,1
/odinhttpcall1737534458,1
/odinhttpcall1737541457,1
/odinhttpcall1737924435,1
/odinhttpcall1737942153,1
/odinhttpcall1737947019,1
/odinhttpcall1738788172,1
/odinhttpcall1739226491,1
/odinhttpcall1739352552,1
/odinhttpcall1739364469,1
/odinhttpcall1739368054,1
/odinhttpcall1739827446,1
/odinhttpcall1739915974,1
/odinhttpcall1740359190,1
/odinhttpcall1740362210,1
/odinhttpcall1740417615,1
/odinhttpcall1740619869,1
/odinhttpcall1740621093,1
/odinhttpcall1740772300,1
/odinhttpcall1741076254,1
/odinhttpcall1741247688,1
/odinhttpcall1741513953,1
/odinhttpcall1741517346,1
/odinhttpcall1741784291,1
/odinhttpcall1741826985,1
/odinhttpcall1741972031,1
/odinhttpcall1742118661,1
/odinhttpcall1742578298,1
/odinhttpcall1742826480,1
/odinhttpcall1742832465,1
/odinhttpcall1742985460,1
/odinhttpcall1743453415,1
/odinhttpcall1743529740,1
/odinhttpcall1744503783,1
/odinhttpcall1744691839,1
/odinhttpcall1744693989,1
/odinhttpcall1744726026,1
/odinhttpcall1744729024,1
/odinhttpcall1744895550,1
/of.php,8
/office/.env,9
/old-cuburn/.git/config,6
/old-site/.git/config,8
/old.7z,1
/old.env,9
/old.gz,1
/old.rar,1
/old.tar,1
/old.tar.gz,1
/old.zip,1
/old/.env,49
/old/.env.local,2
/old/.env.production,2
/old/.env.staging,2
/old/.git/config,8
/old_phpinfo.php,15
/oldsite/.env,6
/onvif/device_service,1
/openam/json/realms/root/authenticate,1
/openapi/v2,14
/opencms/cmisatom/cmis-online/query,1
/opencms/cmisatom/cmis-online/type,1
/openserver/phpmyadmin/,1
/opt/.env,9
/option/.env,9
/options/.env,9
/oqG5,1
/orientdb-client/.env,4
/outputs/.env,5
/owF0,1
/owa,4
/owa-data/caches/1/owa_user/c30da9265ba0a4704db9229f864c9eb7.php,1
/owa/,23
/owa/auth.owa,3
/owa/auth/errorFE.aspx,16
/owa/auth/log.png,2
/owa/auth/log111.png,2
/owa/auth/logon.aspx,227
/owa/auth/x.js,125
/owncloud/.env,9
/owncloud/apps/graphapi/vendor/microsoft/microsoft-graph/tests/GetPhpInfo.php,7
/owncloud/status.php,18
/p-info.php,5
/p.php,11
/p/m/a/,1
/p/u/doAuthentication.do,5
/p8As,1
/pAHd,1
/pGp5,1
/pHJZ,1
/pHt0,1
/pKn3,1
/p_info.php,5
/package.json,2
/packages/api/.env,1
/packages/app/.env,1
/packages/frontend/.env,4
/packages/web/.env,9
/packed/.env,5
/page,1
/pages/createpage-entervariables.action,24
/pages/createpage.action,8
/pages/csv_export_results_metadata.php,1
/pages/doenterpagevariables.action,8
/pages/templates2/viewpagetemplate.action,8
/pagesi3efi,1
/panel/.git/config,8
/panel/atmin/config.php,13
/panel/config.all.php,39
/panel/dhtml/config.all.php,39
/panel/flash/config.all.php,39
/panel/fortest.php,13
/panel/init/config.all.php,39
/panel/main.php,39
/panel/main.php.1,13
/panel/main.php.2,13
/panel/ming-source/config.all.php,39
/panel/webadmin.php,13
/parameters.yml,8
/parity/.env,6
/partner/config/config.js,2
/partners/.git/config,8
/partymgr/control/getJSONuiLabel,2
/partymgr/control/getJSONuiLabelArray,2
/partymgr/control/main,23
/patchwork/.env,4
/path/.env,9
/payform.php,1
/pb7S,1
/pbx/recordings/index.php,1
/pemerintah/.env,9
/perfsonar-graphs/cgi-bin/graphData.cgi,1
/pew.php,13
/pfbe/.env,5
/pfblockerng/www/index.php,16
/php-cgi/php-cgi.exe,1
/php-configuration.php,2
/php-details.php,5
/php-info,2
/php-info.php,30
/php-my-admin/,1
/php-myadmin/,1
/php-version.php,2
/php.ini,10
/php.php,13
/php/.git/config,8
/php/login.php,10
/php/phpinfo.php,2
/php/ping.php,2
/php/utils/CmsGetDeviceSoftwareVersion.php/.js.map,1
/php/ztp_gate.php/.js.map,5
/php1.php,8
/php52/phpinfo.php,8
/phpMyAdmin-2.2.3/,1
/phpMyAdmin-2.2.6/,1
/phpMyAdmin-2.5.1/,1
/phpMyAdmin-2.5.4/,1
/phpMyAdmin-2.5.5-pl1/,1
/phpMyAdmin-2.5.5-rc1/,1
/phpMyAdmin-2.5.5-rc2/,1
/phpMyAdmin-2.5.5/,1
/phpMyAdmin-2.5.6-rc1/,1
/phpMyAdmin-2.5.6-rc2/,1
/phpMyAdmin-2.5.6/,1
/phpMyAdmin-2.5.7-pl1/,1
/phpMyAdmin-2.5.7/,1
/phpMyAdmin-2.6.0-alpha/,1
/phpMyAdmin-2.6.0-alpha2/,1
/phpMyAdmin-2.6.0-beta1/,1
/phpMyAdmin-2.6.0-beta2/,1
/phpMyAdmin-2.6.0-pl1/,1
/phpMyAdmin-2.6.0-pl2/,1
/phpMyAdmin-2.6.0-pl3/,1
/phpMyAdmin-2.6.0-rc1/,1
/phpMyAdmin-2.6.0-rc2/,1
/phpMyAdmin-2.6.0-rc3/,1
/phpMyAdmin-2.6.0/,1
/phpMyAdmin-2.6.1-pl1/,1
/phpMyAdmin-2.6.1-pl2/,1
/phpMyAdmin-2.6.1-pl3/,1
/phpMyAdmin-2.6.1-rc1/,1
/phpMyAdmin-2.6.1-rc2/,1
/phpMyAdmin-2.6.1/,1
/phpMyAdmin-2.6.2-beta1/,1
/phpMyAdmin-2.6.2-pl1/,1
/phpMyAdmin-2.6.2-rc1/,2
/phpMyAdmin-2.6.2/,1
/phpMyAdmin-2.6.3-pl1/,1
/phpMyAdmin-2.6.3-rc1/,1
/phpMyAdmin-2.6.3/,2
/phpMyAdmin-2.6.4-pl1/,1
/phpMyAdmin-2.6.4-pl2/,1
/phpMyAdmin-2.6.4-pl3/,1
/phpMyAdmin-2.6.4-pl4/,1
/phpMyAdmin-2.6.4-rc1/,1
/phpMyAdmin-2.6.4/,1
/phpMyAdmin-2.7.0-beta1/,1
/phpMyAdmin-2.7.0-pl1/,1
/phpMyAdmin-2.7.0-pl2/,1
/phpMyAdmin-2.7.0-rc1/,1
/phpMyAdmin-2.7.0/,1
/phpMyAdmin-2.8.0-beta1/,1
/phpMyAdmin-2.8.0-rc1/,1
/phpMyAdmin-2.8.0-rc2/,1
/phpMyAdmin-2.8.0.1/,1
/phpMyAdmin-2.8.0.2/,1
/phpMyAdmin-2.8.0.3/,1
/phpMyAdmin-2.8.0.4/,1
/phpMyAdmin-2.8.0/,1
/phpMyAdmin-2.8.1-rc1/,1
/phpMyAdmin-2.8.1/,1
/phpMyAdmin-2.8.2/,1
/phpMyAdmin-2/,1
/phpMyAdmin/,1
/phpMyAdmin/scripts/setup.php,2
/phpMyAdmin2/,1
/php_configuration.php,2
/php_details.php,5
/php_info,4
/php_info.php,31
/phpconfig.php,2
/phpcustom_info/phpinfo.php,8
/phpdetails.php,4
/phpinfo,40
/phpinfo.html,10
/phpinfo.php,79
/phpinfo.php3,8
/phpinfo.php4,10
/phpinfo.php5,8
/phpinfo.txt,8
/phpinfo/,9
/phpinfo/.env,9
/phpinfo/config.php,2
/phpinfo/info.php,8
/phpinfo/php-details.php,2
/phpinfo/phpinfo.php,11
/phpinfo1.php,10
/phpinfo2.php,8
/phpinfo3.php,8
/phpinfo4.php,8
/phpinfodev.php,8
/phpinfoposmeta.php,2
/phpinformation,2
/phpinformation.php,4
/phpinformations.php,4
/phpinfos.php,16
/phpinfos/,14
/phpmanager/,1
/phpmy-admin/,1
/phpmyadmin/,1
/phpmyadmin/index.php,1
/phpmyadmin/scripts/setup.php,2
/phpmyadmin/setup/index.php,1
/phpmyadmin2/,1
/phpsysinfo,8
/phpsysinfo.php,8
/phpsysinfo/info.php,8
/phpsysinfo/phpinfo.php,8
/phpsysinfo/phpsysinfo.php,8
/phptest.php,10
/phpversion.php,11
/phpversions.php,26
/pi.php,6
/pi.php5,6
/pictures/.env,9
/picturesPreview,1
/pig/add-pig.php,1
/pimcore/app/config/pimcore/google-api-private-key.json,1
/pinfo.php,41
/pinfo/,1
/pinfos.php,1
/pinfos/,1
/pixerat.com/api/.env,1
/platform/.env,12
/platform/.git/config,8
/players.json,1
/plugin,1
/plugin/.env,5
/plugins/.env,6
/plugins/.git/config,8
/plugins/jobsearch/,1
/plugins/servlet/groupexportforjira/admin/json,1
/pma/,1
/pma/scripts/setup.php,2
/pma2005/,1
/pmb/admin/convert/export_z3950.php,1
/pnH7,1
/portal,8
/portal.7z,1
/portal.gz,1
/portal.rar,1
/portal.tar,1
/portal.tar.gz,1
/portal.zip,1
/portal/.env,22
/portal/.env.local,2
/portal/.env.production,2
/portal/.env.staging,2
/portal/.git/config,10
/portal/loginpage.aspx,1
/portal1/.env,4
/portal2/.env,9
/pos/.env,10
/position.js,1
/ppinfo.php,2
/prevlaravel/sftp-config.json,2
/print.php,1
/prisma/.env,6
/private/.env,35
/private/.git/config,10
/proc/.env,10
/process/.env,9
/process/groupe_save.php,1
/process/login.php,1
/prod.env,1
/prod.git/config,6
/prod/.env,126
/prod/.env.local,2
/prod/.env.production,2
/prod/.env.staging,2
/prod/.git/config,40
/prod/config/.git/config,37
/product.php,1
/product/.env,2
/product/.env.local,2
/product/.env.production,2
/product/.env.staging,2
/production.json,1
/production/.env,43
/production/.env.local,2
/production/.env.production,2
/production/.env.staging,2
/production/.git/config,45
/products/.env,13
/profile/.env,7
/profiler/empty/search/results,1
/profiles/.env,4
/project/.env,18
/project/.env.local,2
/project/.env.production,2
/project/.env.staging,2
/project/.git/config,125
/project/backend/.git/config,40
/project/frontend/.git/config,40
/project/settings.py,10
/projects/.git/config,8
/projects/autocomplete.js,1
/protected/.env,26
/protected/.git/config,8
/protected/config/database.php,2
/protocol/index.php,1
/psnlink/.env,12
/pub/.env,1
/public/.env,63
/public/.env.local,2
/public/.env.production,2
/public/.env.staging,2
/public/.git/config,134
/public/_profiler/empty/search/results,1
/public/client/planinfo,2
/public/index.php,1
/public/phpinfo.php,2
/public_html/.env,23
/public_html/.env.local,2
/public_html/.env.production,2
/public_html/.env.staging,2
/public_html/.git/config,35
/public_root/.env,4
/q.php,6
/qAhB,1
/qERT,1
/qKo1,1
/qa/.env,2
/qa/.env.local,2
/qa/.env.production,2
/qa/.env.staging,2
/qa/.git/config,6
/qq.php,6
/queue-stats/,4
/queue-stats/answered.php,19
/queue/data,1
/queue/join,1
/queues,1
/r2/metadata,3
/r3/metadata,3
/r4/metadata,3
/r5/metadata,3
"/r51009,/adv,/cgi-bin/weblogin.cgi",1
/rVGM,1
/raephaeyeip4fawe,4
/rails-api/react-app/.env,1
/ramp_core.js,2
/rasax/.env,5
/rdweb/,1
/react-native.config.js,2
/react/.env,7
/readme.txt,4
/recordings.old/config.all.php,39
/recordings/,500
/recordings/.d4ff74b78a25301782fd0f783a5ad100.php,10
/recordings/.ddf80a17eab6d1ee163d01524a8f2e68.php,12
/recordings/.f3497d66b0bdfd82fd4ba2a423b0c3f9.php,4
/recordings/.tika.php,26
/recordings//theme/main.css,14
/recordings/11.php,13
/recordings/3Zz.php,13
/recordings/Dead_Sec_Team/config.php,13
/recordings/Do.php,3
/recordings/ELLYAAS/config.php,13
/recordings/ELMAYET/config.php,13
/recordings/Go.php,13
/recordings/Hima.php,13
/recordings/Hima_s.php,13
/recordings/SecureShell.php,13
/recordings/Ultimatex.php,13
/recordings/Xiii.php,13
/recordings/a/config.php,13
/recordings/a7/config.php,13
/recordings/a7a.php,13
/recordings/a8a.php,13
/recordings/aaAliaa.php,3
/recordings/admin/config.php,2
/recordings/atmin/config.php,13
/recordings/atmin/modules/backup/page.backup.php,2
/recordings/awael/config.php,13
/recordings/azoofo.php,13
/recordings/b374k-2.8.php,13
/recordings/badr2.php,13
/recordings/cmd.php,39
/recordings/config.all.php,39
/recordings/config.amportal.php,13
/recordings/dmc.php,39
/recordings/ec0ed5d0ec037dca5.php,13
/recordings/em7e/config.php,13
/recordings/emad-shell.php,13
/recordings/emad.php,13
/recordings/graph.php,26
/recordings/includes/config.all.php,39
/recordings/index.php,933
/recordings/info.php,13
/recordings/ini.php,13
/recordings/is/config.php,13
/recordings/jeep.php,13
/recordings/just-emad.php,13
/recordings/locale/bg_BG/LC_MESSAGES/config.all.php,39
/recordings/locale/bg_BG/config.all.php,39
/recordings/locale/config.all.php,39
/recordings/lol.php,26
/recordings/m2s.php,13
/recordings/m7mood/config.php,13
/recordings/main.php,39
/recordings/main.php.1,13
/recordings/main.php.2,13
/recordings/mcd.php,39
/recordings/misc/,13
/recordings/misc/.123asd.php,2
/recordings/misc/.33.php,1
/recordings/misc/.asdcasdd.php,1
/recordings/misc/1.php,1
/recordings/misc/110011.php,1
/recordings/misc/111x111.php,1
/recordings/misc/123.php,1
/recordings/misc/22.php,1
/recordings/misc/3.php,1
/recordings/misc/3ali3.php,1
/recordings/misc/callme_page.php,13
/recordings/misc/ccc.php,1
/recordings/misc/cccc.php,1
/recordings/misc/cmd.php,1
/recordings/misc/config.all.php,39
/recordings/misc/dd.php,1
/recordings/misc/thaer.php,13
/recordings/miscconfig.all.php,39
/recordings/mo/config.php,13
/recordings/modules/config.all.php,39
/recordings/ops.php,13
/recordings/page.framework.php,26
/recordings/phpversions.php,26
/recordings/play_page.php,13
/recordings/pos.php,13
/recordings/pow.php,13
/recordings/s.php,26
/recordings/sall123.php,13
/recordings/scan.php,13
/recordings/shell-test.php,13
/recordings/theme/config.all.php,39
/recordings/theme/config.inc.php,13
/recordings/theme/load.php,13
/recordings/theme/main.css,11
/recordings/theme/new.php,13
/recordings/too.php,13
/recordings/webadmin.php,13
/recordings/xnxx/config.php,13
/recordingsconfig.all.php,39
/redmine/.env,22
/redmine/config/secrets.yml,5
/registration/.env,9
/release/.git/config,8
/releases/.git/config,36
/remote/fgt_lang,15
/remote/login,335
/remote/logincheck,21
/render/info.html,1
/repo/.env,9
/repo/.git/config,38
/repos/.env,5
/repos/.git/config,6
/repository/.git/config,6
/rererer.php.php,8
/res/../admin/diagnostic.jsp,1
/resolve,2
/resource/.git/config,8
/resource/md/get/url,1
/resources/.env,14
/resources/.git/config,8
/rest.php,8
/rest/.env,12
/rest/.env.prod,4
/rest/.env.production,4
/rest/V1/guest-carts/1/estimate-shipping-methods,1
/rest/api/latest/repos,1
/rest/applinks/1.0/manifest,5
/rest/xxxxxxxxxxxxxxx/xxxxxxx,1
/rest_phones/ajax.php,4
/restapi/.env,1
/restapi/config.all.php,39
/restapps/applications.php,3
/restapps/config.all.php,39
/results/.env,9
/resumes/,1
/robomongo.json,5
/robots.txt,1240
/robots/.env,10
/robots1.txt,1
/root/.env,4
/route/.env,9
/routes/.env,9
/rpc/api/v1,1
/rpc/clients/xmlrpc,1
/rr.php,9
/run/.env,11
/s/4333e2831313e273e2839313/_/,1
/s/932323e26323e2631313e29383/_/,2
/s/lkx/_/,7
/s2Ct,1
/s3.js,8
/s3/.git/config,6
/s7Mf,1
/s8cN,1
/sN4g,1
/sa.bak,1
/saas./resttosaasservlet,1
/saas/.env,16
/salem123.php,5
/salemaaa111.php,10
/sample.env,14
/samples/.env,9
/samples/.git/config,6
/sandbox/.env,9
/sandbox/.git/config,37
/sapi/debug/default/view,35
/save.php,1
/scada-vis,2
/scgi-bin/platform.cgi,2
/scp/login.php,3
/script,2
/script/.env,15
/scripts/.env,8
/scripts/.git/config,47
/scripts/auth_settings.yaml,10
/scripts/config.json,10
/scripts/dev/.git/config,41
/scripts/phpinfo.php,1
/scripts/secrets.yaml,10
/scripts/setup.php,2
/scripts/wa-HAP.exe,1
/scripts/wa.exe,1
/sdk,88
/sdk/../../../../../..//etc/vmware/hostd/vmInventory.xml,1
/search,2
/search-locker-details.php,1
/search-request.php,1
/search.php,1
/search/,1
/search/.env,9
/secret,2
/secret.txt,2
/secret/.env,6
/secret_keys,2
/secrets,1
/secrets.cson,2
/secrets.env,19
/secrets.hjson,2
/secrets.json,5
/secrets.kdbx,2
/secrets.pgp,2
/secrets.py,10
/secrets.xml,2
/secrets.yaml,2
/secrets.yml,10
/secrets/auth.yaml,10
/secrets/integration_auth.yaml,10
/secrets/oauth.json,10
/secrets/secrets.json,10
/secrets/token_store.yaml,10
/secserver/,2
/secure/.env,6
/secure/.git/config,8
/secure/WBSGanttManageScheduleJobAction.jspa,1
/security.json,2
/security.yml,2
/security/.env,16
/security/api_settings.json,10
/security/auth_settings.yaml,10
/security/keys.json,10
/security/oauth.json,10
/sellers.json,61
/sendgrid.env,10
/sendgrid.json,7
/sendgrid/.env,4
/server,3
/server-info.action,10
/server-info.php,2
/server-status,43
/server-status/phpinfo.php,2
/server.js,6
/server/.env,25
/server/.env.local,2
/server/.env.production,2
/server/.env.staging,2
/server/.git/config,147
/server/backup/.git/config,38
/server/config/.env,4
/server/config/dev.env,1
/server/env/.dev.env,1
/server/phpinfo.php,4
/server/s3.js,8
/server_info.php,2
/serverless.json,2
/serverless.yaml,2
/serverless.yml,2
/service-account-credentials.json,1
/service-worker.js,8
/service.pdfs/confluence,1
/service/.env,2
/service/.env.local,2
/service/.env.production,2
/service/.env.staging,2
/service/extension/backup/mboximport,4
/service/~iufo/com.ufida.web.action.ActionServlet,1
/services/.env,6
/services/.env.local,2
/services/.env.production,2
/services/.env.staging,2
/services/.git/config,8
/services/api/auth.yaml,10
/services/auth/config.json,10
/services/user/settings.yaml,10
/servlet/GetProductVersion,1
/servlet/codesettree,1
/servlets/OmaDsServlet,1
/session/login,1
/sessionlist.html,1
/sessions/.env,2
/set_safety.shtml,1
/settings,1
/settings.bak,2
/settings.json,12
/settings.php,2
/settings.py,9
/settings/.env,109
/settings/api_config.json,10
/settings/base.ini,10
/settings/service_keys.ini,10
/settings/settings.py,1
/setup/.env,7
/setup/index.php,1
/setup/setupadministrator-start.action,20
/setup/setupadministrator.action,10
/sftp-config.json,16
/sftp.json,2
/shared/.env,34
/shared/config/config.js,5
/shib_logout.php,1
/shop/.env,20
/shop/.env.local,2
/shop/.env.production,2
/shop/.env.staging,2
/shop/.git/config,6
/showLogin.cc,17
/signin,1
/simpleeditor/common/commonReleaseNotes.do,1
/sip.txt,13
/sistema/.env,6
/site-library/.env,9
/site.bak,1
/site.sql,2
/site/.env,24
/site/.git/config,6
/site/login,12
/sitecore/shell/sitecore.version.xml,21
/sitecore_xaml.ashx/-/xaml/Sitecore.Xaml.Tutorials.Styles.Index,1
/sitemap.xml,1071
/sitemaps/.env,5
/sites/.env,9
/sites/.git/config,8
/sites/all/libraries/mailchimp/.env,25
/sites/all/modules/,1
/sites/default/settings.php,2
/sitestatic/.env,1
/skin/.env,5
/skins/.env,5
/sms.py,8
/sms/actuator/env,1
/sms/env,1
/smtp.json,5
/socketio/.env,4
/solr/,17
/solr/admin/info/properties:/admin/info/key,1
/source.7z,1
/source.gz,1
/source.rar,1
/source.tar,1
/source.tar.gz,1
/source.zip,1
/source/.env,2
/sources/.env,24
/sources/.env.prod,4
/sources/.env.production,4
/sources/.git/config,8
/sources/api/.env,1
/spcgi.cgi,2
/spearmint/.env,9
/spec/config/oauth.yaml,10
/spip.php,1
/spog/welcome,1
/spool/.env,5
/spotiapps/.env,1
/sql.bak,1
/sql.php,1
/sql.sql,2
/sqlite/main.php,1
/sqlitemanager/main.php,1
/sqlmanager/,1
/sqlweb/,1
/squid.svg,1
/src.7z,1
/src.gz,1
/src.rar,1
/src.tar,1
/src.tar.gz,1
/src.zip,1
/src/.env,31
/src/.git/config,140
/src/api/config.js,3
/src/auth/config.yaml,10
/src/client/mobile/.env,4
/src/config.js,3
/src/config/api_keys.json,10
/src/config/settings.yaml,10
/src/env/.env.dev,1
/src/main/front-end/.env,8
/src/main/resources/application.yml,10
/srv/.env,1
/ssc.env,1
/ssh-config.json,8
/ssh.php,13
/ssl-vpn/hipreport.esp,1
/sslmgr,6
/sslvpn,2
/sslvpn/Login/Login,1
/sslvpn/js/login.js,1
/sslvpnLogin.html,19
/sslvpn_logon.shtml,10
/st/.env,4
/stag/.env,13
/stage.env,2
/stage/.env,16
/stage/.git/config,8
/staging.env,6
/staging/.env,44
/staging/.env.local,2
/staging/.env.production,2
/staging/.env.staging,2
/staging/.git/config,46
/staging/phpinfo.php,2
/staging_area/.git/config,40
/staging_environment/.git/config,38
/static../.git/config,134
/static/../../../../etc/passwd,2
/static/.env,6
/static/.git/config,6
/static/admin/javascript/hetong.js,24
/static/content/.git/config,36
/static/css/20.300b2873.chunk.css,2
/static/css/chunk-fffbd800.3e1a8b72.css,3
/static/files/.git/config,37
/static/historypage.js,16
/static/js/bundle.js,1
/static/main.js,1
/static/ueditor/php/controller.php,1
/staticfiles/.env,4
/stats,13
/stats/,4
/stats/.env,4
/stats/answered.php,15
/status.php,18
/status_general.cgi,1
/stg/.env,11
/stg/.env.local,2
/stg/.env.production,2
/stg/.env.staging,2
/storage/.env,19
/storage/.env.local,2
/storage/.env.production,2
/storage/.env.staging,2
/storage/.git/config,8
/storage/framework/sessions/,1
/storage/framework/views/,1
/store/.git/config,6
/streampipes-backend/api/v2/auth/settings,1
/style/.env,1
/styles/.env,7
/styles/.git/config,8
/stylesheets/.env,8
/sugar_version.json,16
/superadmincreate.php,1
/support,6
/support/.git/config,8
/swagger-ui.html,1
/swagger.js,2
/swagger.json,2
/switchboard.env,1
/symfony/.env,2
/symfony/_profiler/empty/search/results,1
/symfony/_profiler/phpinfo,10
/symfony/public/_profiler/phpinfo,7
/sys/.env,1
/sys/dict/loadTreeData,2
/sys/phpinfo.php,2
/sys/ui/extend/varkind/custom.jsp,2
/sysinfo.php,2
/sysinit.shtml,1
/system-config/.env,4
/system.php,13
/system/.env,23
/system/.git/config,8
/system/3r42qQ213gad33.php,2
/system/config_menu.htm,2
/system/phpinfo.php,2
/system_info.php,2
/t.php,1
/t4,273
/talari/app/files/2vRBa2asIm58tx2klWoFX2Cs1jM,2
/target/.env,5
/task/loginValidation.php,1
/task/submit/,2
/tcp/RDWeb/Pages/,1
/telescope/requests,39
/temp.bak,1
/temp.php,10
/temp.sql,2
/temp/.env,5
/temp/.git/config,36
/temp/config.all.php,39
/template/.env,1
/template/aui/text-inline.vm,1
/template/custom/content-editor,8
/templates/.env,18
/templates/.git/config,37
/templates/default/html/windows/right.php,1
/templates/editor-preload-container,8
/templates_c/config.all.php,39
/teorema505,273
/test,4
/test-network/.env,1
/test.hello,1
/test.php,37
/test.php/_profiler/empty/search/results,1
/test/.env,23
/test/.env.local,2
/test/.env.production,2
/test/.env.staging,2
/test/.git/config,48
/test/config/secrets.yml,5
/test/phpinfo.php,2
/test/settings.yaml,10
/test/sqlite/SQLiteManager-1.2.0/SQLiteManager-1.2.0/main.php,1
/test0.php,6
/test1,6
/test1.php,7
/test123.php,6
/test2.php,7
/test3.php,6
/test4.php,6
/test5.php,6
/test6.php,6
/test7.php,6
/test8.php,6
/test9.php,6
/test_configs/.git/config,38
/test_environment/.git/config,47
/test_info.php,8
/test_info1.php,6
/test_info2.php,6
/test_info3.php,6
/test_info4.php,6
/test_info5.php,6
/test_phpinfo.php,6
/test_phpinfo1.php,6
/test_phpinfo2.php,6
/test_phpinfo3.php,6
/test_phpinfo4.php,6
/test_phpinfo5.php,6
/tester.php,6
/testfiles/.env,1
/testing.php,6
/testing/.env,1
/testing/.git/config,8
/testing/docker/.env,1
/testphpinfo,1
/testphpinfo.php,1
/tests.php,1
/tests/.env,1
/tests/application/.env,1
/tests/auth_config.ini,10
/tests/config.all.php,39
/tests/config/test_oauth.json,10
/tests/todo-react/.env,1
/testwork_json/.env,1
/texteditor.php,1
/theme/.env,13
/themes,1
/themes/,5
/themes/.git/config,8
/themes/config.all.php,39
/thumb/.env,1
/thumbs/.env,1
/ti4K,1
/tia.php,8
/tia.php.php,2
/time.php,8
/tk7F,1
/tmp/.env,29
/tmp/.git/config,8
/tmp/config.json,2
/token.php,6
/tool/phpinfo.php,2
/tool/view/phpinfo.view.php,55
/toolbox-resource/../translations/../../configuration/serverconfig.xml,6
/tools/.env,5
/tools/.git/config,50
/tr/,5
/translate.bak,1
/translate.sql,2
/travis/.env,7
/tshirtecommerce/ajax.php,1
/tutor/filter,1
/twilio.env,13
/twilio/.env,7
/twitter/.env,8
/tz.php,6
/u.php,6
/u8x7,1
/uI1m,1
/ubuntu/.env,6
/ubus/,1
/unauth/%2e%2e/php/ztp_gate.php/PAN_help/x.css,1
/up.php,6
/update/../admin/diagnostic.jsp,1
/update/.git/config,2
/updates.jsp,1
/upfiles/.env,9
/upgrade/detail.jsp/login/LoginSSO.jsp,1
/upload,1
/upload.7z,1
/upload.gz,1
/upload.rar,1
/upload.tar,1
/upload.tar.gz,1
/upload.zip,1
/upload/.env,20
/uploads/.env,8
/uploads/.git/config,8
/uploads/include/dialog/select_media_post_wangEditor.php,1
/user-config.json,15
/user/.env,14
/user/.env.local,2
/user/.env.staging,2
/user/.git/config,53
/user/api/index/pay,3
/user/config.all.php,39
/user/config/config.js,2
/user/controllers/index.js,2
/user/login,2
/user/login/,3
/user/logout,1
/user/register,1
/user/resend-activation,1
/user/save,1
/userLogin.asp,1
/user_area/.git/config,41
/user_backend/.git/config,40
/user_panel/.git/config,43
/userentry,2
/userportal/,2
/userportal/Controller,2
/userportal/api/rest/contentChannels/,1
/userportal/webpages/,2
/userportal/webpages/myaccount/login.jsp,2
/users.bak,1
/users.sql,2
/users/.git/config,1
/users/change_emailahrixia,1
/users/password/new,2
/users/sign_in,7
/users/user-dark-features,8
/usr/.env,1
/usr/src/app/auth.json,10
/util/.env,5
/utility/.git/config,1
/utils/.env,5
/v1/.env,7
/v1/.git/config,40
/v1/actuator/env,3
/v1/api/.env,1
/v1/env,3
/v1/folder,1
/v1/warehouse/pending-events,1
/v2,3
/v2/.env,17
/v2/.git/config,40
/v2/_catalog,3
/v2/api/.env,1
/v3/.env,3
/v3/.git/config,38
/v3/api/.env,1
/v6.58/Products/Authentication,1
/vamp.php,13
/var/.33.php,1
/var/.asdcasdd.php,1
/var/.env,17
/var/1.php,1
/var/110011.php,1
/var/111x111.php,1
/var/123.php,1
/var/22.php,1
/var/3.php,1
/var/3ali3.php,1
/var/aaAliaa.php,1
/var/backup/.env,4
/var/ccc.php,1
/var/cccc.php,1
/var/cmd.php,1
/var/config.all.php,39
/var/config.php,13
/var/dd.php,1
/var/log/system.log,1
/var/logs/prod.log,1
/var/mod_conf.php,13
/var/tika.php,13
/vault/config.json,10
/vault/oauth.yaml,10
/vendor/.env,39
/vendor/.git/config,6
/vendor/drupal/coder/.git/config,5
/vendor/htmlawed/htmlawed/htmLawedTest.php,3
/vendor/laravel/.env,11
/vendor/phpunit/phpunit/src/Util/PHP/eval-stdin.php,32
/version,159
/vicidial.php,1
/vicidial/welcome.php,19
/videos/.env,3
/view/.env,9
/viewinfo.php,1
/views/.env,9
/vmi2021962.contaboserver.net/.env,202
/vmi2058246.contaboserver.net/.env,73
/vmi2291740.contaboserver.net/.env,75
/vpn/../vpns/cfg/smb.conf,90
/vpn/index.html,100
/vpn/pluginlist.xml,83
/vpn/user/download/client,1
/vpns/portal/9J4SGMMUPGJF.xml,1
/vpns/portal/abc.xml,1
/vpns/portal/scripts/newbm.pl,2
/vpnsvc/connect.cgi,23
/vtigercrm/.33.php,1
/vtigercrm/.asdcasdd.php,1
/vtigercrm/1.php,1
/vtigercrm/11.php,13
/vtigercrm/110011.php,1
/vtigercrm/111x111.php,1
/vtigercrm/123.php,1
/vtigercrm/22.php,1
/vtigercrm/3.php,1
/vtigercrm/3Zz.php,13
/vtigercrm/3ali3.php,1
/vtigercrm/AboSala7.php,13
/vtigercrm/Do.php,3
/vtigercrm/Go.php,13
/vtigercrm/Hima.php,13
/vtigercrm/Himaa.php,13
/vtigercrm/a7a.php,13
/vtigercrm/aaAliaa.php,2
/vtigercrm/ccc.php,1
/vtigercrm/cccc.php,1
/vtigercrm/cmd.php,1
/vtigercrm/config.all.php,52
/vtigercrm/dd.php,1
/vtigercrm/graph.php,26
/vtigercrm/k4ijo.php,13
/vtigercrm/main.php,13
/vtigercrm/ml.php,26
/vtigercrm/moaz.php,13
/vtigercrm/ops.php,13
/vtigercrm/phprint.php,39
/vtigercrm/phpversions.php,26
/vtigercrm/saky.php,13
/vtigercrm/test/upload/vtigercrm.txt,718
/vtigercrm/vtigerservice.php,3
/vtigercrm/xXx-ELMAYET-xXx.php,13
/vtigercrm/xXx-mat.php,13
/vtigercrm/xml.php,13
/vtigercrm/z.php,26
/vtigercrm/zizo.php,13
/vue.config.js,2
/vue/.env,2
/w.php,6
/w96v,1
/watch/catalog/all-products,1
/wav.php,13
/wbm/plugins/wbm-legal-information/platform/pfcXXX/licenses.php,1
/wc.db,1
/wconnect/.env,4
/weaver/org.apache.xmlrpc.webserver.XmlRpcServlet,1
/web,19
/web-dist/.env,8
/web-meetme/conf_cdr.php,4
/web-meetme/config.all.php,39
/web.7z,1
/web.config,3
/web.config.7z,1
/web.config.gz,1
/web.config.rar,1
/web.config.tar,1
/web.config.tar.gz,1
/web.config.zip,1
/web.gz,1
/web.php,6
/web.rar,1
/web.tar,1
/web.tar.gz,1
/web.zip,1
/web/.env,40
/web/.env.local,2
/web/.env.production,2
/web/.env.staging,2
/web/.git/config,6
/web/_profiler/empty/search/results,1
/web/api/config.js,2
/web/config.js,3
/web/config.php,1
/web/css/button_style.css,72
/web/debug/default/view,58
/web/druid/datasource.json,1
/web/function/init.js,69
/web/phpMyAdmin/scripts/setup.php,2
/web/phpmyadmin/scripts/setup.php,2
/web/set_profiling,1
/web/settings/settings.py,1
/webadm/,1
/webadmin.php,13
/webadmin/,1
/webapi/auth,1
/webapp/gwt/clean/clean.css,4
/webapp/server/tests/test.env,1
/webauth_operation.php,1
/webclient/,9
/webdb/,1
/webfig/,16
/webhook/actuator/env,1
/webhook/env,1
/webmail/,3
/webpack.config.js,2
/webpack.dev.js,2
/webpack.prod.js,2
/webroot/.env,6
/webs/.env,5
/website/.env,12
/website/.env.local,2
/website/.env.production,2
/website/.env.staging,2
/website/.git/config,2
/websocket/.env,4
/websql/,1
/webstatic/.env,8
/webtools/control/ProgramExport,1
/webtools/control/forgotPassword,1
/webtools/control/forgotPassword/././ProgramExport,6
/webtools/control/forgotPassword/xmldsdump,2
/webtools/control/main/ProgramExport,5
/webtools/control/view/StatsSinceStart,1
/webtools/control/xmlrpc,1
/webui/.env,5
/webvpnlogin/,1
/welcome,1
/welcome.action,10
/welcome/config.all.php,39
/well-known/.env,9
/whturk/.env,6
/widget/.env,6
/widgets/.env,5
/widgets/config.all.php,39
/widgets/debug.php,1
/wiki/.git/config,6
/wiki/pages/createpage-entervariables.action,16
/wms,1
/wnm/login/login.json,1
/wordpress/.git/config,1
/wordpress/phpinfo.php,2
/wordpress/wp-login.php,2
/workspace/.git/config,1
/wp-admin/.env,33
/wp-admin/admin-ajax.php,62
/wp-admin/admin-post.php,2
/wp-admin/admin.php,1
/wp-admin/options-general.php,1
/wp-admin/profile.php,1
/wp-admin/setup-config.php,1
/wp-admin/users.php,1
/wp-config.old,6
/wp-config.php,2
/wp-config.php-backup,23
/wp-config.php.backup,6
/wp-config.php.bak,8
/wp-config.php.old,2
/wp-config.txt,6
/wp-content/.env,28
/wp-content/.git/config,8
/wp-content/backups-dup-lite/dup-installer/main.installer.php,1
/wp-content/backups-dup-lite/tmp/,1
/wp-content/backups-dup-pro/tmp/,1
/wp-content/debug.log,1
/wp-content/dup-installer/main.installer.php,1
/wp-content/mysql.bak,1
/wp-content/mysql.sql,2
/wp-content/plugins/.git/config,6
/wp-content/plugins/LayerSlider/assets/static/public/front.css,1
/wp-content/plugins/activitytime/readme.txt,2
/wp-content/plugins/adminer/adminer.php,1
/wp-content/plugins/arprice-responsive-pricing-table/js/arprice.js,1
/wp-content/plugins/astra-pro/readme.txt,2
/wp-content/plugins/backup-backup/readme.txt,1
/wp-content/plugins/beautiful-taxonomy-filters/readme.txt,2
/wp-content/plugins/chatbot/readme.txt,2
/wp-content/plugins/collapsing-categories/readme.txt,1
/wp-content/plugins/critical-site-intel/readme.txt,1
/wp-content/plugins/crm-perks-forms/readme.txt,1
/wp-content/plugins/crm-perks-forms/templates/sample_file.php,1
/wp-content/plugins/cryptocurrency-widgets-pack/readme.txt,1
/wp-content/plugins/cz-loan-management/README.txt,1
/wp-content/plugins/db-backup/download.php,1
/wp-content/plugins/documentor-lite/core/js/documentor.js,1
/wp-content/plugins/dokan-pro/changelog.txt,1
/wp-content/plugins/easy-digital-downloads/readme.txt,1
/wp-content/plugins/essential-addons-for-elementor-lite/readme.txt,2
/wp-content/plugins/essential-blocks/readme.txt,1
/wp-content/plugins/etemplates/readme.txt,1
/wp-content/plugins/exam-matrix/readme.txt,2
/wp-content/plugins/gift-voucher/readme.txt,1
/wp-content/plugins/give/changelog.txt,1
/wp-content/plugins/gwyns-imagemap-selector/popup.php,2
/wp-content/plugins/hunk-companion/readme.txt,1
/wp-content/plugins/import-xml-feed/readme.txt,1
/wp-content/plugins/infographic-and-list-builder-ilist/assets/js/ilist_custom_admin.js,1
/wp-content/plugins/json-api-user/readme.txt,2
/wp-content/plugins/media-library-assistant/includes/mla-stream-image.php,1
/wp-content/plugins/media-library-assistant/readme.txt,1
/wp-content/plugins/mstore-api/readme.txt,1
/wp-content/plugins/my-calendar/readme.txt,1
/wp-content/plugins/paid-memberships-pro/js/updates.js,1
/wp-content/plugins/product-designer/readme.txt,2
/wp-content/plugins/really-simple-ssl/readme.txt,3
/wp-content/plugins/rsvpmaker/readme.txt,2
/wp-content/plugins/send-users-email/readme.txt,2
/wp-content/plugins/site-offline/readme.txt,1
/wp-content/plugins/siteguard/readme.txt,1
/wp-content/plugins/stopbadbots/assets/js/stopbadbots.js,1
/wp-content/plugins/ultimate-member/readme.txt,1
/wp-content/plugins/usc-e-shop/functions/content-log.php,2
/wp-content/plugins/user-meta/readme.txt,1
/wp-content/plugins/woc-order-alert/assets/admin/js/scripts.js,1
/wp-content/plugins/woocommerce-gateway-paypal-powered-by-braintree/readme.txt,1
/wp-content/plugins/wp-advanced-search/class.inc/autocompletion/autocompletion-PHP5.5.php,1
/wp-content/plugins/wp-advanced-search/readme.txt,2
/wp-content/plugins/wp-automatic/inc/csv.php,1
/wp-content/plugins/wp-fastest-cache/readme.txt,1
/wp-content/plugins/wp-query-console/README.txt,2
/wp-content/plugins/wp-query-console/readme.txt,2
/wp-content/plugins/wp-rest-api-fns/readme.txt,2
/wp-content/plugins/wp-sendgrid-mailer/readme.txt,1
/wp-content/plugins/wp-statistics/readme.txt,1
/wp-content/plugins/wpb-show-core/modules/jplayer_new/jplayer_twitter_ver_1.php,1
/wp-content/plugins/wux-blog-editor/readme.txt,2
/wp-content/plugins/yet-another-related-posts-plugin/includes/yarpp_pro_set_display_types.php,1
/wp-content/themes/.git/config,6
/wp-content/uploads/cfom_files/2rwoeabkorwnthw5njlnehzcdkq.php,1
/wp-content/uploads/dump.bak,1
/wp-content/uploads/dump.sql,2
/wp-content/uploads/html2wp/2rwOEbkIJI2AWX4CYNAQ1LTg02B.php,1
/wp-content/uploads/wpjobboard/,1
/wp-includes/js/.git/config,6
/wp-json,18
/wp-json/click5_sitemap/API/update_html_option_AJAX,3
/wp-json/igd/v1/get-users-data,1
/wp-json/lp/v1/courses/archive-course,1
/wp-json/lp/v1/load_content_via_ajax/,1
/wp-json/metform/v1/forms/templates/0,1
/wp-json/notificationx/v1/analytics,1
/wp-json/post-smtp/v1/connect-app,2
/wp-json/post-smtp/v1/get-log,1
/wp-json/ssa/v1/users,1
/wp-json/wp/v2/add-listing,1
/wp-json/wp/v2/asked-question,1
/wp-json/wp/v2/sfwd-assignment,1
/wp-json/wp/v2/users,1
/wp-json/wp/v2/users/,1
/wp-login.php,7
/wp.php,6
/wp/.env,11
/wp/phpinfo.php,2
/wp/wp-content/uploads/wpjobboard/,1
/wpp-config.php~,6
/ws-api/v2/users/me/details,1
/ws-config.json,7
/ws/msw/tenant/,1
/wsman,17
/www-data/.git/config,1
/www.7z,1
/www.bak,1
/www.gz,1
/www.rar,1
/www.sql,2
/www.tar,1
/www.tar.gz,1
/www.zip,1
/www/.env,27
/www/.git/config,125
/wwwroot.bak,1
/x.php,19
/x1.php,13
/x47y,1
/xHg5,1
/xTOB,1
/xampp/.env,2
/xampp/.env.local,2
/xampp/.env.production,2
/xampp/.env.staging,2
/xgI4,1
/xiaoshuo/125,1
/xml.php,13
/xmldata,5
/xmlrpc,1
/xmlrpc.php,2
/xmlservices/config.all.php,39
/xnxx.php,2
/xwiki/bin/deletespace/Sandbox/,1
/xwiki/bin/get/FlamingoThemes/Cerulean,1
/xwiki/bin/get/XWiki/SuggestSolrService,1
/xwiki/bin/login/XWikiLogin,1
/xwiki/bin/register/XWiki/XWikiRegister,2
/xwiki/bin/view/Main/,1
/xx.php,26
/y6dI,1
/yahoo.php,2
/yarn.lock,3
/yii/config.all.php,39
/yii/vendor/phpunit/phpunit/src/Util/PHP/eval-stdin.php,1
/z.php,13
/zabbix/favicon.ico,18
/zaqwsxsalem.php,23
/zaqwsxsalem1.php,7
/zend/.git/config,1
/zend/vendor/phpunit/phpunit/src/Util/PHP/eval-stdin.php,1
/zentao/user-login.html,1
/zimbraAdmin/0MVzAe6pgwe5go1D.jsp,2
/zm/index.php,1
/ztp/cgi-bin/handler,1
/zz.php.call,13
/zzaaa.php,20
/~admin/.env,10
/~dev/.env,9
/~projects,1
