Data,Count
"AwAALyrgAAAAAABDb29raWU6IG1zdHNoYXNoPUFkbWluaXN0cg0KAQAIAAMAAAA=",45
"AwAAEw7gAAAAAAABAAgAAwAAAA==",9
"DQoNCg==",8
"C01TSHxeflwmfFNFQ1VSSVRZU0NBTk5FUnxmaC1tdWVuc3Rlci5kZXxSRUNFSVZFUl9BUFB8UkVDRUlWRVJfRkFDfDIwMjQxMDA5MTIzMHx8UVJZXkExOXwxMjM0NTZ8UHwyLjQgUVJEfDIwMjQxMDA5MTIzMHxSfEl8MTIzNDU2fERFTXx8fHx8UkVTHA0=",6
"AwAAJQLwgGQAAAPrcIAWFgAXAOkDAAAAAAABCAAkAAAAAQDqAwMAAAkC8IAgAw==",5
BQEA,5
"AwAAJiHgAAAAAABDb29raWU6IG1zdHNoYXNoPQ0KAQAIAAAAAAA=",4
"BAEBuwAAAAFwcm94eWNoZWNrZXIAYXBpLmlwLnBuAA==",4
"Q09OTkVDVCBhcGkuaXAucG46NDQzIEhUVFAvMS4xDQpIb3N0OiBhcGkuaXAucG4NClVzZXItQWdlbnQ6IE1vemlsbGEvNS4wDQpDb25uZWN0aW9uOiBjbG9zZQ0KDQo=",4
"Cg==",3
"R0VUIC8gSFRUUC8xLjENClVzZXItQWdlbnQ6IGN1cmwvNy4yOS4wDQpIb3N0OiA4OS4xMTYuMjYuMjI5DQpBY2NlcHQ6ICovKg0KDQo=",3
"R0VUIC8gSFRUUC8xLjENClVzZXItQWdlbnQ6IGN1cmwvNy4yOS4wDQpIb3N0OiAxOTguNy4xMTguMzQNCkFjY2VwdDogKi8qDQoNCg==",3
"EgEANAAAAQAAABUABgEAGwABAgAcAAwDACgABP8IAAFVAAAATVNTUUxTZXJ2ZXIAybcAAA==",2
"R0VUIC8gSFRUUC8xLjENClVzZXItQWdlbnQ6IGN1cmwvNy4yOS4wDQpIb3N0OiAxOTQuMjM4LjI0LjM3DQpBY2NlcHQ6ICovKg0KDQo=",2
R0VUIC8vY29uZmlnLnBocCBIVFRQLzEuMQ0KSG9zdDogMTk4LjcuMTE4LjM0OjI1NzUNCkNvbm5lY3Rpb246IGtlZXAtYWxpdmUNCkFjY2VwdC1FbmNvZGluZzogZ3ppcCwgZGVmbGF0ZQ0KQWNjZXB0OiAqLyoNClVzZXItQWdlbnQ6IHB5dGhvbi1yZXF1ZXN0cy8yLjI3LjENCg0K,2
"R0VUIC8vbGlicy9qcy9pZnJhbWUuanMgSFRUUC8xLjENCkhvc3Q6IDE5OC43LjExOC4zNDoyNTc1DQpDb25uZWN0aW9uOiBrZWVwLWFsaXZlDQpBY2NlcHQtRW5jb2Rpbmc6IGd6aXAsIGRlZmxhdGUNCkFjY2VwdDogKi8qDQpVc2VyLUFnZW50OiBweXRob24tcmVxdWVzdHMvMi4yNy4xDQoNCg==",2
"R0VUIC8vcmVjb3JkaW5ncy9pbmRleC5waHAgSFRUUC8xLjENCkhvc3Q6IDE5NC4yMzguMjQuMzc6MjU3NQ0KQ29ubmVjdGlvbjoga2VlcC1hbGl2ZQ0KQWNjZXB0LUVuY29kaW5nOiBnemlwLCBkZWZsYXRlDQpBY2NlcHQ6ICovKg0KVXNlci1BZ2VudDogcHl0aG9uLXJlcXVlc3RzLzIuMjcuMQ0KDQo=",2
"R0VUIC8vcmVjb3JkaW5ncy9pbmRleC5waHAgSFRUUC8xLjENCkhvc3Q6IDE5OC43LjExOC4zNDoyNTc1DQpDb25uZWN0aW9uOiBrZWVwLWFsaXZlDQpBY2NlcHQtRW5jb2Rpbmc6IGd6aXAsIGRlZmxhdGUNCkFjY2VwdDogKi8qDQpVc2VyLUFnZW50OiBweXRob24tcmVxdWVzdHMvMi4yNy4xDQoNCg==",2
"R0VUIC9hZG1pbi9jb25maWcucGhwIEhUVFAvMS4wDQpVc2VyLUFnZW50OiB4ZmExDQpBY2NlcHQ6ICovKg0KSG9zdDogMTk4LjcuMTE4LjM0DQoNCg==",2
R0VUIC9maGlyL21ldGFkYXRhIEhUVFAvMS4xDQpIb3N0OiA4OS4xMTYuMjYuMjI5DQpDb25uZWN0aW9uOiBrZWVwLWFsaXZlDQpVc2VyLUFnZW50OiBjdXJsLzguNS4wDQpBY2NlcHQ6IGFwcGxpY2F0aW9uL2ZoaXIranNvbg0KQ29udGVudC1UeXBlOiBhcHBsaWNhdGlvbi9maGlyK2pzb24NCg0K,2
"R0VUIC9maGlyL21ldGFkYXRhIEhUVFAvMS4xDQpIb3N0OiAxOTguNy4xMTguMzQNCkNvbm5lY3Rpb246IGtlZXAtYWxpdmUNClVzZXItQWdlbnQ6IGN1cmwvOC41LjANCkFjY2VwdDogYXBwbGljYXRpb24vZmhpcitqc29uDQpDb250ZW50LVR5cGU6IGFwcGxpY2F0aW9uL2ZoaXIranNvbg0KDQo=",2
"R0VUIC9yZWNvcmRpbmdzL2luZGV4LnBocCBIVFRQLzEuMQ0KVXNlci1BZ2VudDogY3VybC83LjI5LjANCkhvc3Q6IDE5OC43LjExOC4zNDoyNTc1DQpBY2NlcHQ6ICovKg0KDQo=",2
"AwAAJiHgAAAAAABDb29raWU6IG1zdHNoYXNoPQ0KAQAIAAMAAAA=",1
"AwAALingAAAAAABDb29raWU6IG1zdHNoYXNoPU9WWkhBWktaDQoBAAgAAwAAAA==",1
"AwAALingAAAAAABDb29raWU6IG1zdHNoYXNoPVRWQ1dMR1hRDQoBAAgAAwAAAA==",1
"AwAALingAAAAAABDb29raWU6IG1zdHNoYXNoPVpWRkpCRFJJDQoBAAgAAwAAAA==",1
"EgEAXgAAAQAAACQABgEAKgABAgArAAEDACwABAQAMAABBQAxACQGAFUAAf8EBwy8AAAAAAAAFdAAMPR/HhkAAAA4ebld9n8AAAAAAAAAAAAAAAAAAAAAAAD+////AQ==",1
"EgEAXgAAAQAAACQABgEAKgABAgArAAEDACwABAQAMAABBQAxACQGAFUAAf8EBwy8AAAAAAAAFdAAsProt+UAAAA4eWqv938AAAAAAAAAAAAAAAAAAAAAAAD+////AQ==",1
"EwAADTg5LjExNi4yNi4yMjkKDwEBAA==",1
"FgMBAHUBAABxAwNNNZaDDwvOOjDfwHCMlplpYYCzK1pEKaLBIEDmwrGqFQAAGsAvwCvAEcAHwBPACcAUwAoABQAvADXAEgAKAQAALgAFAAUBAAAAAAAKAAgABgAXABgAGQALAAIBAAANAAoACAQBBAMCAQID/wEAAQA=",1
R0VUIC8gSFRUUC8xLjENCkhvc3Q6IDE5OC43LjExOC4zNDoyNTc1DQpVc2VyLUFnZW50OiBjdXJsLzcuODguMQ0KQWNjZXB0OiAqLyoNCg0K,1
"R0VUIC8gSFRUUC8xLjENCkhvc3Q6IDg5LjExNi4yNi4yMjk6MjU3NQ0KVXNlci1BZ2VudDogY3VybC83LjY0LjENCkFjY2VwdDogKi8qDQoNCg==",1
"R0VUIC8gSFRUUC8xLjENCkhvc3Q6IDg5LjExNi4yNi4yMjk6MjU3NQ0KVXNlci1BZ2VudDogY3VybC83Ljg4LjENCkFjY2VwdDogKi8qDQoNCg==",1
"R0VUIC8vY29uZmlnLnBocCBIVFRQLzEuMQ0KSG9zdDogMTk0LjIzOC4yNC4zNzoyNTc1DQpDb25uZWN0aW9uOiBrZWVwLWFsaXZlDQpBY2NlcHQtRW5jb2Rpbmc6IGd6aXAsIGRlZmxhdGUNCkFjY2VwdDogKi8qDQpVc2VyLUFnZW50OiBweXRob24tcmVxdWVzdHMvMi4yNy4xDQoNCg==",1
"R0VUIC8vYWRtaW4vY29uZmlnLnBocCBIVFRQLzEuMQ0KSG9zdDogMTk0LjIzOC4yNC4zNzoyNTc1DQpDb25uZWN0aW9uOiBrZWVwLWFsaXZlDQpBY2NlcHQtRW5jb2Rpbmc6IGd6aXAsIGRlZmxhdGUNCkFjY2VwdDogKi8qDQpVc2VyLUFnZW50OiBweXRob24tcmVxdWVzdHMvMi4yNy4xDQoNCg==",1
R0VUIC8vYWRtaW4vY29uZmlnLnBocCBIVFRQLzEuMQ0KSG9zdDogMTk4LjcuMTE4LjM0OjI1NzUNCkNvbm5lY3Rpb246IGtlZXAtYWxpdmUNCkFjY2VwdC1FbmNvZGluZzogZ3ppcCwgZGVmbGF0ZQ0KQWNjZXB0OiAqLyoNClVzZXItQWdlbnQ6IHB5dGhvbi1yZXF1ZXN0cy8yLjI3LjENCg0K,1
"R0VUIC9hZ2MvY3NzL2N1c3RvbS5jc3MgSFRUUC8xLjENCkhvc3Q6IDE5NC4yMzguMjQuMzc6MjU3NQ0KVXNlci1BZ2VudDogcHl0aG9uLXJlcXVlc3RzLzIuMzIuMw0KQWNjZXB0LUVuY29kaW5nOiBnemlwLCBkZWZsYXRlDQpBY2NlcHQ6ICovKg0KQ29ubmVjdGlvbjoga2VlcC1hbGl2ZQ0KDQo=",1
R0VUIC9hZG1pbi9hc3NldHMvanMvdmlld3MvbG9naW4uanMgSFRUUC8xLjANClVzZXItQWdlbnQ6IHhmYTENCkFjY2VwdDogKi8qDQpIb3N0OiAxOTguNy4xMTguMzQNCg0K,1
"R0VUIC9hZG1pbi9jb25maWcucGhwIEhUVFAvMS4wDQpVc2VyLUFnZW50OiB4ZmExDQpBY2NlcHQ6ICovKg0KSG9zdDogMTk0LjIzOC4yNC4zNw0KDQo=",1
"R0VUIC9hZG1pbi9jb25maWcucGhwIEhUVFAvMS4wDQpVc2VyLUFnZW50OiB4ZmExDQpBY2NlcHQ6ICovKg0KSG9zdDogODkuMTE2LjI2LjIyOQ0KDQo=",1
"R0VUIC9hZG1pbi9jb25maWcucGhwIEhUVFAvMS4xDQpIb3N0OiA4OS4xMTYuMjYuMjI5OjI1NzUNClVzZXItQWdlbnQ6IGN1cmwvNy44OC4xDQpBY2NlcHQ6ICovKg0KDQo=",1
"R0VUIC9hZG1pbi9jb25maWcucGhwIEhUVFAvMS4xDQpIb3N0OiA4OS4xMTYuMjYuMjI5OjI1NzUNClVzZXItQWdlbnQ6IGN1cmwvNy44OC4xDQpBY2NlcHQ6ICovKg0KQ29va2llOiBsYW5nPWlkDQoNCg==",1
"R0VUIC9hZG1pbi9jb25maWcucGhwIEhUVFAvMS4xDQpIb3N0OiA4OS4xMTYuMjYuMjI5OjI1NzUNClVzZXItQWdlbnQ6IGN1cmwvOC41LjANCkFjY2VwdDogKi8qDQoNCg==",1
"R0VUIC9iYXNlRHN0dTIvbWV0YWRhdGEgSFRUUC8xLjENCkhvc3Q6IDE5OC43LjExOC4zNA0KQ29ubmVjdGlvbjoga2VlcC1hbGl2ZQ0KVXNlci1BZ2VudDogY3VybC84LjUuMA0KQWNjZXB0OiBhcHBsaWNhdGlvbi9maGlyK2pzb24NCkNvbnRlbnQtVHlwZTogYXBwbGljYXRpb24vZmhpcitqc29uDQoNCg==",1
"R0VUIC9iYXNlRHN0dTMvbWV0YWRhdGEgSFRUUC8xLjENCkhvc3Q6IDE5OC43LjExOC4zNA0KQ29ubmVjdGlvbjoga2VlcC1hbGl2ZQ0KVXNlci1BZ2VudDogY3VybC84LjUuMA0KQWNjZXB0OiBhcHBsaWNhdGlvbi9maGlyK2pzb24NCkNvbnRlbnQtVHlwZTogYXBwbGljYXRpb24vZmhpcitqc29uDQoNCg==",1
"R0VUIC9iYXNlUjQvbWV0YWRhdGEgSFRUUC8xLjENCkhvc3Q6IDE5OC43LjExOC4zNA0KQ29ubmVjdGlvbjoga2VlcC1hbGl2ZQ0KVXNlci1BZ2VudDogY3VybC84LjUuMA0KQWNjZXB0OiBhcHBsaWNhdGlvbi9maGlyK2pzb24NCkNvbnRlbnQtVHlwZTogYXBwbGljYXRpb24vZmhpcitqc29uDQoNCg==",1
"R0VUIC9iYXNlUjUvbWV0YWRhdGEgSFRUUC8xLjENCkhvc3Q6IDE5OC43LjExOC4zNA0KQ29ubmVjdGlvbjoga2VlcC1hbGl2ZQ0KVXNlci1BZ2VudDogY3VybC84LjUuMA0KQWNjZXB0OiBhcHBsaWNhdGlvbi9maGlyK2pzb24NCkNvbnRlbnQtVHlwZTogYXBwbGljYXRpb24vZmhpcitqc29uDQoNCg==",1
"R0VUIC9iYXNlUjUvbWV0YWRhdGEgSFRUUC8xLjENCkhvc3Q6IDg5LjExNi4yNi4yMjkNCkNvbm5lY3Rpb246IGtlZXAtYWxpdmUNClVzZXItQWdlbnQ6IGN1cmwvOC41LjANCkFjY2VwdDogYXBwbGljYXRpb24vZmhpcitqc29uDQpDb250ZW50LVR5cGU6IGFwcGxpY2F0aW9uL2ZoaXIranNvbg0KDQo=",1
"R0VUIC9maGlyLXNlcnZlci9hcGkvdjQvbWV0YWRhdGEgSFRUUC8xLjENCkhvc3Q6IDE5OC43LjExOC4zNA0KQ29ubmVjdGlvbjoga2VlcC1hbGl2ZQ0KVXNlci1BZ2VudDogY3VybC84LjUuMA0KQWNjZXB0OiBhcHBsaWNhdGlvbi9maGlyK2pzb24NCkNvbnRlbnQtVHlwZTogYXBwbGljYXRpb24vZmhpcitqc29uDQoNCg==",1
"R0VUIC9maGlyLXNlcnZlci9hcGkvdjQvbWV0YWRhdGEgSFRUUC8xLjENCkhvc3Q6IDg5LjExNi4yNi4yMjkNCkNvbm5lY3Rpb246IGtlZXAtYWxpdmUNClVzZXItQWdlbnQ6IGN1cmwvOC41LjANCkFjY2VwdDogYXBwbGljYXRpb24vZmhpcitqc29uDQpDb250ZW50LVR5cGU6IGFwcGxpY2F0aW9uL2ZoaXIranNvbg0KDQo=",1
R0VUIC9tZXRhZGF0YSBIVFRQLzEuMQ0KSG9zdDogMTk4LjcuMTE4LjM0DQpDb25uZWN0aW9uOiBrZWVwLWFsaXZlDQpVc2VyLUFnZW50OiBjdXJsLzguNS4wDQpBY2NlcHQ6IGFwcGxpY2F0aW9uL2ZoaXIranNvbg0KQ29udGVudC1UeXBlOiBhcHBsaWNhdGlvbi9maGlyK2pzb24NCg0K,1
"R0VUIC9tZXRhZGF0YSBIVFRQLzEuMQ0KSG9zdDogODkuMTE2LjI2LjIyOQ0KQ29ubmVjdGlvbjoga2VlcC1hbGl2ZQ0KVXNlci1BZ2VudDogY3VybC84LjUuMA0KQWNjZXB0OiBhcHBsaWNhdGlvbi9maGlyK2pzb24NCkNvbnRlbnQtVHlwZTogYXBwbGljYXRpb24vZmhpcitqc29uDQoNCg==",1
R0VUIC9yMi9tZXRhZGF0YSBIVFRQLzEuMQ0KSG9zdDogMTk4LjcuMTE4LjM0DQpDb25uZWN0aW9uOiBrZWVwLWFsaXZlDQpVc2VyLUFnZW50OiBjdXJsLzguNS4wDQpBY2NlcHQ6IGFwcGxpY2F0aW9uL2ZoaXIranNvbg0KQ29udGVudC1UeXBlOiBhcHBsaWNhdGlvbi9maGlyK2pzb24NCg0K,1
R0VUIC9yMy9tZXRhZGF0YSBIVFRQLzEuMQ0KSG9zdDogMTk4LjcuMTE4LjM0DQpDb25uZWN0aW9uOiBrZWVwLWFsaXZlDQpVc2VyLUFnZW50OiBjdXJsLzguNS4wDQpBY2NlcHQ6IGFwcGxpY2F0aW9uL2ZoaXIranNvbg0KQ29udGVudC1UeXBlOiBhcHBsaWNhdGlvbi9maGlyK2pzb24NCg0K,1
"R0VUIC9yMy9tZXRhZGF0YSBIVFRQLzEuMQ0KSG9zdDogODkuMTE2LjI2LjIyOQ0KQ29ubmVjdGlvbjoga2VlcC1hbGl2ZQ0KVXNlci1BZ2VudDogY3VybC84LjUuMA0KQWNjZXB0OiBhcHBsaWNhdGlvbi9maGlyK2pzb24NCkNvbnRlbnQtVHlwZTogYXBwbGljYXRpb24vZmhpcitqc29uDQoNCg==",1
R0VUIC9yNC9tZXRhZGF0YSBIVFRQLzEuMQ0KSG9zdDogMTk4LjcuMTE4LjM0DQpDb25uZWN0aW9uOiBrZWVwLWFsaXZlDQpVc2VyLUFnZW50OiBjdXJsLzguNS4wDQpBY2NlcHQ6IGFwcGxpY2F0aW9uL2ZoaXIranNvbg0KQ29udGVudC1UeXBlOiBhcHBsaWNhdGlvbi9maGlyK2pzb24NCg0K,1
"R0VUIC9yNC9tZXRhZGF0YSBIVFRQLzEuMQ0KSG9zdDogODkuMTE2LjI2LjIyOQ0KQ29ubmVjdGlvbjoga2VlcC1hbGl2ZQ0KVXNlci1BZ2VudDogY3VybC84LjUuMA0KQWNjZXB0OiBhcHBsaWNhdGlvbi9maGlyK2pzb24NCkNvbnRlbnQtVHlwZTogYXBwbGljYXRpb24vZmhpcitqc29uDQoNCg==",1
R0VUIC9yNS9tZXRhZGF0YSBIVFRQLzEuMQ0KSG9zdDogMTk4LjcuMTE4LjM0DQpDb25uZWN0aW9uOiBrZWVwLWFsaXZlDQpVc2VyLUFnZW50OiBjdXJsLzguNS4wDQpBY2NlcHQ6IGFwcGxpY2F0aW9uL2ZoaXIranNvbg0KQ29udGVudC1UeXBlOiBhcHBsaWNhdGlvbi9maGlyK2pzb24NCg0K,1
"R0VUIC9yNS9tZXRhZGF0YSBIVFRQLzEuMQ0KSG9zdDogODkuMTE2LjI2LjIyOQ0KQ29ubmVjdGlvbjoga2VlcC1hbGl2ZQ0KVXNlci1BZ2VudDogY3VybC84LjUuMA0KQWNjZXB0OiBhcHBsaWNhdGlvbi9maGlyK2pzb24NCkNvbnRlbnQtVHlwZTogYXBwbGljYXRpb24vZmhpcitqc29uDQoNCg==",1
"U1NILTIuMC1PcGVuU1NIDQo=",1
